[
  {
    "Player":"Joe Banyard",
    "Team":"JAX",
    "Pos":"RB",
    "Att":2,
    "Att/G":2,
    "Yds":7,
    "Avg":3.5,
    "Yds/G":7,
    "TD":0,
    "Lng":"7",
    "1st":0,
    "1st%":0,
    "20+":0,
    "40+":0,
    "FUM":0
  },
  {
    "Player":"Shaun Hill",
    "Team":"MIN",
    "Pos":"QB",
    "Att":5,
    "Att/G":1.7,
    "Yds":5,
    "Avg":1,
    "Yds/G":1.7,
    "TD":0,
    "Lng":"9",
    "1st":0,
    "1st%":0,
    "20+":0,
    "40+":0,
    "FUM":0
  },
  {
    "Player":"Breshad Perriman",
    "Team":"BAL",
    "Pos":"WR",
    "Att":1,
    "Att/G":0.1,
    "Yds":2,
    "Avg":2,
    "Yds/G":0.1,
    "TD":0,
    "Lng":"2",
    "1st":0,
    "1st%":0,
    "20+":0,
    "40+":0,
    "FUM":0
  },
  {
    "Player":"Charlie Whitehurst",
    "Team":"CLE",
    "Pos":"QB",
    "Att":2,
    "Att/G":2,
    "Yds":1,
    "Avg":0.5,
    "Yds/G":1,
    "TD":0,
    "Lng":"2",
    "1st":0,
    "1st%":0,
    "20+":0,
    "40+":0,
    "FUM":0
  },
  {
    "Player":"Lance Dunbar",
    "Team":"DAL",
    "Pos":"RB",
    "Att":9,
    "Att/G":0.7,
    "Yds":31,
    "Avg":3.4,
    "Yds/G":2.4,
    "TD":1,
    "Lng":"10",
    "1st":3,
    "1st%":33.3,
    "20+":0,
    "40+":0,
    "FUM":0
  },
  {
    "Player":"Mark Ingram",
    "Team":"NO",
    "Pos":"RB",
    "Att":205,
    "Att/G":12.8,
    "Yds":"1,043",
    "Avg":5.1,
    "Yds/G":65.2,
    "TD":6,
    "Lng":"75T",
    "1st":49,
    "1st%":23.9,
    "20+":4,
    "40+":2,
    "FUM":2
  },
  {
    "Player":"Reggie Bush",
    "Team":"BUF",
    "Pos":"RB",
    "Att":12,
    "Att/G":0.9,
    "Yds":-3,
    "Avg":-0.3,
    "Yds/G":-0.2,
    "TD":1,
    "Lng":5,
    "1st":2,
    "1st%":16.7,
    "20+":0,
    "40+":0,
    "FUM":1
  },
  {
    "Player":"Lucky Whitehead",
    "Team":"DAL",
    "Pos":"WR",
    "Att":10,
    "Att/G":0.7,
    "Yds":82,
    "Avg":8.2,
    "Yds/G":5.5,
    "TD":0,
    "Lng":"26",
    "1st":4,
    "1st%":40,
    "20+":1,
    "40+":0,
    "FUM":1
  },
  {
    "Player":"Brett Hundley",
    "Team":"GB",
    "Pos":"QB",
    "Att":3,
    "Att/G":0.8,
    "Yds":-2,
    "Avg":-0.7,
    "Yds/G":-0.5,
    "TD":0,
    "Lng":0,
    "1st":0,
    "1st%":0,
    "20+":0,
    "40+":0,
    "FUM":1
  },
  {
    "Player":"Tyreek Hill",
    "Team":"KC",
    "Pos":"WR",
    "Att":24,
    "Att/G":1.5,
    "Yds":267,
    "Avg":11.1,
    "Yds/G":16.7,
    "TD":3,
    "Lng":"70T",
    "1st":10,
    "1st%":41.7,
    "20+":4,
    "40+":2,
    "FUM":0
  },
  {
    "Player":"Randall Cobb",
    "Team":"GB",
    "Pos":"WR",
    "Att":10,
    "Att/G":0.8,
    "Yds":33,
    "Avg":3.3,
    "Yds/G":2.5,
    "TD":0,
    "Lng":"14",
    "1st":4,
    "1st%":40,
    "20+":0,
    "40+":0,
    "FUM":0
  },
  {
    "Player":"Aaron Ripkowski",
    "Team":"GB",
    "Pos":"FB",
    "Att":34,
    "Att/G":2.1,
    "Yds":150,
    "Avg":4.4,
    "Yds/G":9.4,
    "TD":2,
    "Lng":"15",
    "1st":10,
    "1st%":29.4,
    "20+":0,
    "40+":0,
    "FUM":0
  },
  {
    "Player":"Chris Moore",
    "Team":"BAL",
    "Pos":"WR",
    "Att":3,
    "Att/G":0.2,
    "Yds":19,
    "Avg":6.3,
    "Yds/G":1.3,
    "TD":0,
    "Lng":"10",
    "1st":1,
    "1st%":33.3,
    "20+":0,
    "40+":0,
    "FUM":0
  },
  {
    "Player":"Jeremy Hill",
    "Team":"CIN",
    "Pos":"RB",
    "Att":222,
    "Att/G":14.8,
    "Yds":"839",
    "Avg":3.8,
    "Yds/G":55.9,
    "TD":9,
    "Lng":"74T",
    "1st":42,
    "1st%":18.9,
    "20+":5,
    "40+":3,
    "FUM":0
  },
  {
    "Player":"Kenneth Farrow",
    "Team":"SD",
    "Pos":"RB",
    "Att":60,
    "Att/G":4.6,
    "Yds":192,
    "Avg":3.2,
    "Yds/G":14.8,
    "TD":0,
    "Lng":"11",
    "1st":10,
    "1st%":16.7,
    "20+":0,
    "40+":0,
    "FUM":1
  },
  {
    "Player":"Brandon Tate",
    "Team":"BUF",
    "Pos":"WR",
    "Att":3,
    "Att/G":0.2,
    "Yds":48,
    "Avg":16,
    "Yds/G":3.2,
    "TD":0,
    "Lng":"30",
    "1st":2,
    "1st%":66.7,
    "20+":1,
    "40+":0,
    "FUM":0
  },
  {
    "Player":"Philip Rivers",
    "Team":"SD",
    "Pos":"QB",
    "Att":14,
    "Att/G":0.9,
    "Yds":35,
    "Avg":2.5,
    "Yds/G":2.2,
    "TD":0,
    "Lng":"10",
    "1st":2,
    "1st%":14.3,
    "20+":0,
    "40+":0,
    "FUM":2
  },
  {
    "Player":"Denard Robinson",
    "Team":"JAX",
    "Pos":"RB",
    "Att":41,
    "Att/G":3.2,
    "Yds":144,
    "Avg":3.5,
    "Yds/G":11.1,
    "TD":0,
    "Lng":"9",
    "1st":4,
    "1st%":9.8,
    "20+":0,
    "40+":0,
    "FUM":0
  },
  {
    "Player":"Donnie Jones",
    "Team":"PHI",
    "Pos":"P",
    "Att":1,
    "Att/G":0.1,
    "Yds":0,
    "Avg":0,
    "Yds/G":0,
    "TD":0,
    "Lng":"0",
    "1st":0,
    "1st%":0,
    "20+":0,
    "40+":0,
    "FUM":1
  },
  {
    "Player":"Cameron Artis-Payne",
    "Team":"CAR",
    "Pos":"RB",
    "Att":36,
    "Att/G":12,
    "Yds":"144",
    "Avg":4,
    "Yds/G":48,
    "TD":2,
    "Lng":"14",
    "1st":5,
    "1st%":13.9,
    "20+":0,
    "40+":0,
    "FUM":0
  },
  {
    "Player":"Kevin Hogan",
    "Team":"CLE",
    "Pos":"QB",
    "Att":8,
    "Att/G":2,
    "Yds":105,
    "Avg":13.1,
    "Yds/G":26.2,
    "TD":1,
    "Lng":"28T",
    "1st":5,
    "1st%":62.5,
    "20+":1,
    "40+":0,
    "FUM":0
  },
  {
    "Player":"Robert Turbin",
    "Team":"IND",
    "Pos":"RB",
    "Att":47,
    "Att/G":3.1,
    "Yds":164,
    "Avg":3.5,
    "Yds/G":10.9,
    "TD":7,
    "Lng":"18",
    "1st":20,
    "1st%":42.6,
    "20+":0,
    "40+":0,
    "FUM":0
  },
  {
    "Player":"Robert Griffin III",
    "Team":"CLE",
    "Pos":"QB",
    "Att":31,
    "Att/G":6.2,
    "Yds":"190",
    "Avg":6.1,
    "Yds/G":38,
    "TD":2,
    "Lng":"20",
    "1st":10,
    "1st%":32.3,
    "20+":1,
    "40+":0,
    "FUM":2
  },
  {
    "Player":"Rhett Ellison",
    "Team":"MIN",
    "Pos":"TE",
    "Att":1,
    "Att/G":0.1,
    "Yds":1,
    "Avg":1,
    "Yds/G":0.1,
    "TD":1,
    "Lng":"1T",
    "1st":1,
    "1st%":100,
    "20+":0,
    "40+":0,
    "FUM":0
  },
  {
    "Player":"Rashad Jennings",
    "Team":"NYG",
    "Pos":"RB",
    "Att":181,
    "Att/G":13.9,
    "Yds":"593",
    "Avg":3.3,
    "Yds/G":45.6,
    "TD":3,
    "Lng":"25",
    "1st":29,
    "1st%":16,
    "20+":3,
    "40+":0,
    "FUM":0
  },
  {
    "Player":"Marcel Reece",
    "Team":"SEA",
    "Pos":"FB",
    "Att":2,
    "Att/G":0.5,
    "Yds":0,
    "Avg":0,
    "Yds/G":0,
    "TD":0,
    "Lng":"0",
    "1st":0,
    "1st%":0,
    "20+":0,
    "40+":0,
    "FUM":0
  },
  {
    "Player":"Dontari Poe",
    "Team":"KC",
    "Pos":"NT",
    "Att":1,
    "Att/G":0.1,
    "Yds":1,
    "Avg":1,
    "Yds/G":0.1,
    "TD":1,
    "Lng":"1T",
    "1st":1,
    "1st%":100,
    "20+":0,
    "40+":0,
    "FUM":0
  },
  {
    "Player":"Cardale Jones",
    "Team":"BUF",
    "Pos":"QB",
    "Att":1,
    "Att/G":1,
    "Yds":-1,
    "Avg":-1,
    "Yds/G":-1,
    "TD":0,
    "Lng":-1,
    "1st":0,
    "1st%":0,
    "20+":0,
    "40+":0,
    "FUM":0
  },
  {
    "Player":"Nick Foles",
    "Team":"KC",
    "Pos":"QB",
    "Att":4,
    "Att/G":1.3,
    "Yds":-4,
    "Avg":-1,
    "Yds/G":-1.3,
    "TD":0,
    "Lng":-1,
    "1st":0,
    "1st%":0,
    "20+":0,
    "40+":0,
    "FUM":0
  },
  {
    "Player":"Tyler Boyd",
    "Team":"CIN",
    "Pos":"WR",
    "Att":4,
    "Att/G":0.2,
    "Yds":58,
    "Avg":14.5,
    "Yds/G":3.6,
    "TD":0,
    "Lng":"39",
    "1st":2,
    "1st%":50,
    "20+":1,
    "40+":0,
    "FUM":0
  },
  {
    "Player":"Tyrod Taylor",
    "Team":"BUF",
    "Pos":"QB",
    "Att":95,
    "Att/G":6.3,
    "Yds":"580",
    "Avg":6.1,
    "Yds/G":38.7,
    "TD":6,
    "Lng":"49",
    "1st":31,
    "1st%":32.6,
    "20+":7,
    "40+":1,
    "FUM":3
  },
  {
    "Player":"Antonio Brown",
    "Team":"PIT",
    "Pos":"WR",
    "Att":3,
    "Att/G":0.2,
    "Yds":9,
    "Avg":3,
    "Yds/G":0.6,
    "TD":0,
    "Lng":"13",
    "1st":1,
    "1st%":33.3,
    "20+":0,
    "40+":0,
    "FUM":0
  },
  {
    "Player":"Javorius Allen",
    "Team":"BAL",
    "Pos":"RB",
    "Att":9,
    "Att/G":1.1,
    "Yds":34,
    "Avg":3.8,
    "Yds/G":4.2,
    "TD":0,
    "Lng":"7",
    "1st":0,
    "1st%":0,
    "20+":0,
    "40+":0,
    "FUM":0
  },
  {
    "Player":"Drew Brees",
    "Team":"NO",
    "Pos":"QB",
    "Att":23,
    "Att/G":1.4,
    "Yds":20,
    "Avg":0.9,
    "Yds/G":1.2,
    "TD":2,
    "Lng":"7",
    "1st":7,
    "1st%":30.4,
    "20+":0,
    "40+":0,
    "FUM":0
  },
  {
    "Player":"Jamaal Charles",
    "Team":"KC",
    "Pos":"RB",
    "Att":12,
    "Att/G":4,
    "Yds":40,
    "Avg":3.3,
    "Yds/G":13.3,
    "TD":1,
    "Lng":"17",
    "1st":3,
    "1st%":25,
    "20+":0,
    "40+":0,
    "FUM":0
  },
  {
    "Player":"LeSean McCoy",
    "Team":"BUF",
    "Pos":"RB",
    "Att":234,
    "Att/G":15.6,
    "Yds":"1,267",
    "Avg":5.4,
    "Yds/G":84.5,
    "TD":13,
    "Lng":"75T",
    "1st":55,
    "1st%":23.5,
    "20+":11,
    "40+":3,
    "FUM":3
  },
  {
    "Player":"Brandon LaFell",
    "Team":"CIN",
    "Pos":"WR",
    "Att":1,
    "Att/G":0.1,
    "Yds":-2,
    "Avg":-2,
    "Yds/G":-0.1,
    "TD":0,
    "Lng":-2,
    "1st":0,
    "1st%":0,
    "20+":0,
    "40+":0,
    "FUM":0
  },
  {
    "Player":"Cole Beasley",
    "Team":"DAL",
    "Pos":"WR",
    "Att":1,
    "Att/G":0.1,
    "Yds":7,
    "Avg":7,
    "Yds/G":0.4,
    "TD":0,
    "Lng":"7",
    "1st":0,
    "1st%":0,
    "20+":0,
    "40+":0,
    "FUM":0
  },
  {
    "Player":"Quincy Enunwa",
    "Team":"NYJ",
    "Pos":"WR",
    "Att":1,
    "Att/G":0.1,
    "Yds":12,
    "Avg":12,
    "Yds/G":0.8,
    "TD":0,
    "Lng":"12",
    "1st":1,
    "1st%":100,
    "20+":0,
    "40+":0,
    "FUM":0
  },
  {
    "Player":"Bryan Walters",
    "Team":"JAX",
    "Pos":"WR",
    "Att":1,
    "Att/G":0.1,
    "Yds":4,
    "Avg":4,
    "Yds/G":0.4,
    "TD":0,
    "Lng":"4",
    "1st":1,
    "1st%":100,
    "20+":0,
    "40+":0,
    "FUM":0
  },
  {
    "Player":"Derek Anderson",
    "Team":"CAR",
    "Pos":"QB",
    "Att":1,
    "Att/G":0.2,
    "Yds":4,
    "Avg":4,
    "Yds/G":0.8,
    "TD":0,
    "Lng":"4",
    "1st":0,
    "1st%":0,
    "20+":0,
    "40+":0,
    "FUM":1
  },
  {
    "Player":"Sam Koch",
    "Team":"BAL",
    "Pos":"P",
    "Att":2,
    "Att/G":0.1,
    "Yds":-23,
    "Avg":-11.5,
    "Yds/G":-1.4,
    "TD":0,
    "Lng":0,
    "1st":0,
    "1st%":0,
    "20+":0,
    "40+":0,
    "FUM":0
  },
  {
    "Player":"Jon Ryan",
    "Team":"SEA",
    "Pos":"P",
    "Att":2,
    "Att/G":0.1,
    "Yds":26,
    "Avg":13,
    "Yds/G":1.6,
    "TD":0,
    "Lng":"26",
    "1st":1,
    "1st%":50,
    "20+":1,
    "40+":0,
    "FUM":1
  },
  {
    "Player":"Adrian Peterson",
    "Team":"MIN",
    "Pos":"RB",
    "Att":37,
    "Att/G":12.3,
    "Yds":72,
    "Avg":1.9,
    "Yds/G":24,
    "TD":0,
    "Lng":"13",
    "1st":3,
    "1st%":8.1,
    "20+":0,
    "40+":0,
    "FUM":1
  },
  {
    "Player":"Tim Hightower",
    "Team":"NO",
    "Pos":"RB",
    "Att":133,
    "Att/G":8.3,
    "Yds":"548",
    "Avg":4.1,
    "Yds/G":34.2,
    "TD":4,
    "Lng":"30",
    "1st":32,
    "1st%":24.1,
    "20+":4,
    "40+":0,
    "FUM":0
  },
  {
    "Player":"Malcolm Brown",
    "Team":"LA",
    "Pos":"RB",
    "Att":18,
    "Att/G":1.1,
    "Yds":39,
    "Avg":2.2,
    "Yds/G":2.4,
    "TD":0,
    "Lng":"10",
    "1st":1,
    "1st%":5.6,
    "20+":0,
    "40+":0,
    "FUM":1
  },
  {
    "Player":"Dwayne Washington",
    "Team":"DET",
    "Pos":"RB",
    "Att":90,
    "Att/G":7.5,
    "Yds":265,
    "Avg":2.9,
    "Yds/G":22.1,
    "TD":1,
    "Lng":"28",
    "1st":11,
    "1st%":12.2,
    "20+":1,
    "40+":0,
    "FUM":0
  },
  {
    "Player":"Rex Burkhead",
    "Team":"CIN",
    "Pos":"RB",
    "Att":74,
    "Att/G":4.6,
    "Yds":344,
    "Avg":4.6,
    "Yds/G":21.5,
    "TD":2,
    "Lng":"17",
    "1st":23,
    "1st%":31.1,
    "20+":0,
    "40+":0,
    "FUM":0
  },
  {
    "Player":"Scott Tolzien",
    "Team":"IND",
    "Pos":"QB",
    "Att":6,
    "Att/G":2,
    "Yds":3,
    "Avg":0.5,
    "Yds/G":1,
    "TD":0,
    "Lng":"5",
    "1st":0,
    "1st%":0,
    "20+":0,
    "40+":0,
    "FUM":0
  },
  {
    "Player":"Jonathan Grimes",
    "Team":"HOU",
    "Pos":"RB",
    "Att":23,
    "Att/G":2.3,
    "Yds":105,
    "Avg":4.6,
    "Yds/G":10.5,
    "TD":0,
    "Lng":"14",
    "1st":5,
    "1st%":21.7,
    "20+":0,
    "40+":0,
    "FUM":0
  },
  {
    "Player":"Russell Wilson",
    "Team":"SEA",
    "Pos":"QB",
    "Att":72,
    "Att/G":4.5,
    "Yds":259,
    "Avg":3.6,
    "Yds/G":16.2,
    "TD":1,
    "Lng":"18",
    "1st":16,
    "1st%":22.2,
    "20+":0,
    "40+":0,
    "FUM":2
  },
  {
    "Player":"Cameron Meredith",
    "Team":"CHI",
    "Pos":"WR",
    "Att":1,
    "Att/G":0.1,
    "Yds":6,
    "Avg":6,
    "Yds/G":0.4,
    "TD":0,
    "Lng":"6",
    "1st":0,
    "1st%":0,
    "20+":0,
    "40+":0,
    "FUM":0
  },
  {
    "Player":"Coby Fleener",
    "Team":"NO",
    "Pos":"TE",
    "Att":1,
    "Att/G":0.1,
    "Yds":2,
    "Avg":2,
    "Yds/G":0.1,
    "TD":1,
    "Lng":"2T",
    "1st":1,
    "1st%":100,
    "20+":0,
    "40+":0,
    "FUM":0
  },
  {
    "Player":"Blaine Gabbert",
    "Team":"SF",
    "Pos":"QB",
    "Att":40,
    "Att/G":6.7,
    "Yds":173,
    "Avg":4.3,
    "Yds/G":28.8,
    "TD":2,
    "Lng":"24",
    "1st":15,
    "1st%":37.5,
    "20+":1,
    "40+":0,
    "FUM":0
  },
  {
    "Player":"Ty Montgomery",
    "Team":"GB",
    "Pos":"RB",
    "Att":77,
    "Att/G":5.1,
    "Yds":457,
    "Avg":5.9,
    "Yds/G":30.5,
    "TD":3,
    "Lng":"61",
    "1st":20,
    "1st%":26,
    "20+":5,
    "40+":1,
    "FUM":1
  },
  {
    "Player":"Zach Line",
    "Team":"MIN",
    "Pos":"FB",
    "Att":7,
    "Att/G":0.5,
    "Yds":15,
    "Avg":2.1,
    "Yds/G":1,
    "TD":0,
    "Lng":"5",
    "1st":3,
    "1st%":42.9,
    "20+":0,
    "40+":0,
    "FUM":0
  },
  {
    "Player":"James Starks",
    "Team":"GB",
    "Pos":"RB",
    "Att":63,
    "Att/G":7,
    "Yds":145,
    "Avg":2.3,
    "Yds/G":16.1,
    "TD":0,
    "Lng":"11",
    "1st":9,
    "1st%":14.3,
    "20+":0,
    "40+":0,
    "FUM":0
  },
  {
    "Player":"Devonta Freeman",
    "Team":"ATL",
    "Pos":"RB",
    "Att":227,
    "Att/G":14.2,
    "Yds":"1,079",
    "Avg":4.8,
    "Yds/G":67.4,
    "TD":11,
    "Lng":"75T",
    "1st":61,
    "1st%":26.9,
    "20+":7,
    "40+":2,
    "FUM":1
  },
  {
    "Player":"Eddie Lacy",
    "Team":"GB",
    "Pos":"RB",
    "Att":71,
    "Att/G":14.2,
    "Yds":"360",
    "Avg":5.1,
    "Yds/G":72,
    "TD":0,
    "Lng":"31",
    "1st":15,
    "1st%":21.1,
    "20+":4,
    "40+":0,
    "FUM":0
  },
  {
    "Player":"Alex Smith",
    "Team":"KC",
    "Pos":"QB",
    "Att":48,
    "Att/G":3.2,
    "Yds":134,
    "Avg":2.8,
    "Yds/G":8.9,
    "TD":5,
    "Lng":"24",
    "1st":9,
    "1st%":18.8,
    "20+":1,
    "40+":0,
    "FUM":2
  },
  {
    "Player":"Jeremy Langford",
    "Team":"CHI",
    "Pos":"RB",
    "Att":62,
    "Att/G":5.2,
    "Yds":200,
    "Avg":3.2,
    "Yds/G":16.7,
    "TD":4,
    "Lng":"23",
    "1st":12,
    "1st%":19.4,
    "20+":1,
    "40+":0,
    "FUM":2
  },
  {
    "Player":"Don Jackson",
    "Team":"GB",
    "Pos":"RB",
    "Att":10,
    "Att/G":3.3,
    "Yds":32,
    "Avg":3.2,
    "Yds/G":10.7,
    "TD":0,
    "Lng":"7",
    "1st":1,
    "1st%":10,
    "20+":0,
    "40+":0,
    "FUM":0
  },
  {
    "Player":"Paul Lasike",
    "Team":"CHI",
    "Pos":"FB",
    "Att":3,
    "Att/G":0.3,
    "Yds":8,
    "Avg":2.7,
    "Yds/G":0.8,
    "TD":0,
    "Lng":"5",
    "1st":3,
    "1st%":100,
    "20+":0,
    "40+":0,
    "FUM":0
  },
  {
    "Player":"Kenjon Barner",
    "Team":"PHI",
    "Pos":"RB",
    "Att":27,
    "Att/G":2.1,
    "Yds":129,
    "Avg":4.8,
    "Yds/G":9.9,
    "TD":2,
    "Lng":"19",
    "1st":9,
    "1st%":33.3,
    "20+":0,
    "40+":0,
    "FUM":0
  },
  {
    "Player":"Ryan Tannehill",
    "Team":"MIA",
    "Pos":"QB",
    "Att":39,
    "Att/G":3,
    "Yds":164,
    "Avg":4.2,
    "Yds/G":12.6,
    "TD":1,
    "Lng":"18",
    "1st":10,
    "1st%":25.6,
    "20+":0,
    "40+":0,
    "FUM":4
  },
  {
    "Player":"Brandon Wilds",
    "Team":"NYJ",
    "Pos":"RB",
    "Att":10,
    "Att/G":2.5,
    "Yds":27,
    "Avg":2.7,
    "Yds/G":6.8,
    "TD":0,
    "Lng":"6",
    "1st":1,
    "1st%":10,
    "20+":0,
    "40+":0,
    "FUM":0
  },
  {
    "Player":"Tajae Sharpe",
    "Team":"TEN",
    "Pos":"WR",
    "Att":1,
    "Att/G":0.1,
    "Yds":1,
    "Avg":1,
    "Yds/G":0.1,
    "TD":0,
    "Lng":"1",
    "1st":0,
    "1st%":0,
    "20+":0,
    "40+":0,
    "FUM":0
  },
  {
    "Player":"Jimmy Graham",
    "Team":"SEA",
    "Pos":"TE",
    "Att":1,
    "Att/G":0.1,
    "Yds":0,
    "Avg":0,
    "Yds/G":0,
    "TD":0,
    "Lng":"0",
    "1st":0,
    "1st%":0,
    "20+":0,
    "40+":0,
    "FUM":0
  },
  {
    "Player":"Paxton Lynch",
    "Team":"DEN",
    "Pos":"QB",
    "Att":11,
    "Att/G":3.7,
    "Yds":25,
    "Avg":2.3,
    "Yds/G":8.3,
    "TD":0,
    "Lng":"10",
    "1st":1,
    "1st%":9.1,
    "20+":0,
    "40+":0,
    "FUM":0
  },
  {
    "Player":"J.D. McKissic",
    "Team":"SEA",
    "Pos":"RB",
    "Att":1,
    "Att/G":1,
    "Yds":2,
    "Avg":2,
    "Yds/G":2,
    "TD":0,
    "Lng":"2",
    "1st":0,
    "1st%":0,
    "20+":0,
    "40+":0,
    "FUM":0
  },
  {
    "Player":"Landry Jones",
    "Team":"PIT",
    "Pos":"QB",
    "Att":6,
    "Att/G":0.8,
    "Yds":-4,
    "Avg":-0.7,
    "Yds/G":-0.5,
    "TD":0,
    "Lng":0,
    "1st":0,
    "1st%":0,
    "20+":0,
    "40+":0,
    "FUM":0
  },
  {
    "Player":"Percy Harvin",
    "Team":"BUF",
    "Pos":"WR",
    "Att":1,
    "Att/G":0.5,
    "Yds":11,
    "Avg":11,
    "Yds/G":5.5,
    "TD":0,
    "Lng":"11",
    "1st":1,
    "1st%":100,
    "20+":0,
    "40+":0,
    "FUM":0
  },
  {
    "Player":"Robert Woods",
    "Team":"BUF",
    "Pos":"WR",
    "Att":1,
    "Att/G":0.1,
    "Yds":6,
    "Avg":6,
    "Yds/G":0.5,
    "TD":0,
    "Lng":"6",
    "1st":1,
    "1st%":100,
    "20+":0,
    "40+":0,
    "FUM":0
  },
  {
    "Player":"Adam Thielen",
    "Team":"MIN",
    "Pos":"WR",
    "Att":2,
    "Att/G":0.1,
    "Yds":15,
    "Avg":7.5,
    "Yds/G":0.9,
    "TD":0,
    "Lng":"11",
    "1st":1,
    "1st%":50,
    "20+":0,
    "40+":0,
    "FUM":0
  },
  {
    "Player":"Matt Moore",
    "Team":"MIA",
    "Pos":"QB",
    "Att":1,
    "Att/G":0.2,
    "Yds":-1,
    "Avg":-1,
    "Yds/G":-0.2,
    "TD":0,
    "Lng":-1,
    "1st":0,
    "1st%":0,
    "20+":0,
    "40+":0,
    "FUM":0
  },
  {
    "Player":"Jarvis Landry",
    "Team":"MIA",
    "Pos":"WR",
    "Att":5,
    "Att/G":0.3,
    "Yds":17,
    "Avg":3.4,
    "Yds/G":1.1,
    "TD":0,
    "Lng":"13",
    "1st":1,
    "1st%":20,
    "20+":0,
    "40+":0,
    "FUM":0
  },
  {
    "Player":"Chris Hogan",
    "Team":"NE",
    "Pos":"WR",
    "Att":3,
    "Att/G":0.2,
    "Yds":9,
    "Avg":3,
    "Yds/G":0.6,
    "TD":0,
    "Lng":"6",
    "1st":0,
    "1st%":0,
    "20+":0,
    "40+":0,
    "FUM":0
  },
  {
    "Player":"Chris Ivory",
    "Team":"JAX",
    "Pos":"RB",
    "Att":117,
    "Att/G":10.6,
    "Yds":"439",
    "Avg":3.8,
    "Yds/G":39.9,
    "TD":3,
    "Lng":"42",
    "1st":21,
    "1st%":17.9,
    "20+":2,
    "40+":2,
    "FUM":5
  },
  {
    "Player":"Jakeem Grant",
    "Team":"MIA",
    "Pos":"WR",
    "Att":1,
    "Att/G":0.1,
    "Yds":1,
    "Avg":1,
    "Yds/G":0.1,
    "TD":0,
    "Lng":"1",
    "1st":0,
    "1st%":0,
    "20+":0,
    "40+":0,
    "FUM":0
  },
  {
    "Player":"Jordan Berry",
    "Team":"PIT",
    "Pos":"P",
    "Att":1,
    "Att/G":0.1,
    "Yds":-3,
    "Avg":-3,
    "Yds/G":-0.2,
    "TD":0,
    "Lng":-3,
    "1st":0,
    "1st%":0,
    "20+":0,
    "40+":0,
    "FUM":1
  },
  {
    "Player":"John Brown",
    "Team":"ARI",
    "Pos":"WR",
    "Att":1,
    "Att/G":0.1,
    "Yds":10,
    "Avg":10,
    "Yds/G":0.7,
    "TD":0,
    "Lng":"10",
    "1st":1,
    "1st%":100,
    "20+":0,
    "40+":0,
    "FUM":0
  },
  {
    "Player":"Matt Jones",
    "Team":"WAS",
    "Pos":"RB",
    "Att":99,
    "Att/G":14.1,
    "Yds":"460",
    "Avg":4.6,
    "Yds/G":65.7,
    "TD":3,
    "Lng":"57",
    "1st":28,
    "1st%":28.3,
    "20+":3,
    "40+":1,
    "FUM":3
  },
  {
    "Player":"Matt McGloin",
    "Team":"OAK",
    "Pos":"QB",
    "Att":3,
    "Att/G":1,
    "Yds":-3,
    "Avg":-1,
    "Yds/G":-1,
    "TD":0,
    "Lng":-1,
    "1st":0,
    "1st%":0,
    "20+":0,
    "40+":0,
    "FUM":0
  },
  {
    "Player":"Terrance West",
    "Team":"BAL",
    "Pos":"RB",
    "Att":193,
    "Att/G":12.1,
    "Yds":"774",
    "Avg":4,
    "Yds/G":48.4,
    "TD":5,
    "Lng":"41",
    "1st":35,
    "1st%":18.1,
    "20+":5,
    "40+":1,
    "FUM":2
  },
  {
    "Player":"Terrell Watson",
    "Team":"PHI",
    "Pos":"RB",
    "Att":9,
    "Att/G":9,
    "Yds":28,
    "Avg":3.1,
    "Yds/G":28,
    "TD":1,
    "Lng":"8",
    "1st":2,
    "1st%":22.2,
    "20+":0,
    "40+":0,
    "FUM":0
  },
  {
    "Player":"Matt Asiata",
    "Team":"MIN",
    "Pos":"RB",
    "Att":121,
    "Att/G":7.6,
    "Yds":402,
    "Avg":3.3,
    "Yds/G":25.1,
    "TD":6,
    "Lng":"29",
    "1st":27,
    "1st%":22.3,
    "20+":2,
    "40+":0,
    "FUM":1
  },
  {
    "Player":"Ted Ginn",
    "Team":"CAR",
    "Pos":"WR",
    "Att":14,
    "Att/G":0.9,
    "Yds":98,
    "Avg":7,
    "Yds/G":6.1,
    "TD":0,
    "Lng":"20",
    "1st":4,
    "1st%":28.6,
    "20+":1,
    "40+":0,
    "FUM":0
  },
  {
    "Player":"Marqise Lee",
    "Team":"JAX",
    "Pos":"WR",
    "Att":6,
    "Att/G":0.4,
    "Yds":35,
    "Avg":5.8,
    "Yds/G":2.2,
    "TD":0,
    "Lng":"11",
    "1st":2,
    "1st%":33.3,
    "20+":0,
    "40+":0,
    "FUM":0
  },
  {
    "Player":"Josh McCown",
    "Team":"CLE",
    "Pos":"QB",
    "Att":7,
    "Att/G":1.4,
    "Yds":21,
    "Avg":3,
    "Yds/G":4.2,
    "TD":0,
    "Lng":"7",
    "1st":0,
    "1st%":0,
    "20+":0,
    "40+":0,
    "FUM":2
  },
  {
    "Player":"Jordan Todman",
    "Team":"IND",
    "Pos":"RB",
    "Att":9,
    "Att/G":0.6,
    "Yds":59,
    "Avg":6.6,
    "Yds/G":3.7,
    "TD":0,
    "Lng":"19",
    "1st":3,
    "1st%":33.3,
    "20+":0,
    "40+":0,
    "FUM":0
  },
  {
    "Player":"Tyler Ervin",
    "Team":"HOU",
    "Pos":"RB",
    "Att":1,
    "Att/G":0.1,
    "Yds":3,
    "Avg":3,
    "Yds/G":0.2,
    "TD":0,
    "Lng":"3",
    "1st":0,
    "1st%":0,
    "20+":0,
    "40+":0,
    "FUM":0
  },
  {
    "Player":"Alex Collins",
    "Team":"SEA",
    "Pos":"RB",
    "Att":31,
    "Att/G":2.8,
    "Yds":125,
    "Avg":4,
    "Yds/G":11.4,
    "TD":1,
    "Lng":"26",
    "1st":8,
    "1st%":25.8,
    "20+":1,
    "40+":0,
    "FUM":2
  },
  {
    "Player":"Drew Kaser",
    "Team":"SD",
    "Pos":"P",
    "Att":1,
    "Att/G":0.1,
    "Yds":0,
    "Avg":0,
    "Yds/G":0,
    "TD":0,
    "Lng":"0",
    "1st":0,
    "1st%":0,
    "20+":0,
    "40+":0,
    "FUM":1
  },
  {
    "Player":"Josh Bellamy",
    "Team":"CHI",
    "Pos":"WR",
    "Att":4,
    "Att/G":0.2,
    "Yds":37,
    "Avg":9.3,
    "Yds/G":2.3,
    "TD":0,
    "Lng":"22",
    "1st":2,
    "1st%":50,
    "20+":1,
    "40+":0,
    "FUM":0
  },
  {
    "Player":"Travis Benjamin",
    "Team":"SD",
    "Pos":"WR",
    "Att":2,
    "Att/G":0.1,
    "Yds":-3,
    "Avg":-1.5,
    "Yds/G":-0.2,
    "TD":0,
    "Lng":-1,
    "1st":0,
    "1st%":0,
    "20+":0,
    "40+":0,
    "FUM":0
  },
  {
    "Player":"Antone Smith",
    "Team":"TB",
    "Pos":"RB",
    "Att":10,
    "Att/G":3.3,
    "Yds":47,
    "Avg":4.7,
    "Yds/G":15.7,
    "TD":0,
    "Lng":"8",
    "1st":1,
    "1st%":10,
    "20+":0,
    "40+":0,
    "FUM":2
  },
  {
    "Player":"Thomas Rawls",
    "Team":"SEA",
    "Pos":"RB",
    "Att":109,
    "Att/G":12.1,
    "Yds":"349",
    "Avg":3.2,
    "Yds/G":38.8,
    "TD":3,
    "Lng":"45T",
    "1st":21,
    "1st%":19.3,
    "20+":1,
    "40+":1,
    "FUM":0
  },
  {
    "Player":"Ameer Abdullah",
    "Team":"DET",
    "Pos":"RB",
    "Att":18,
    "Att/G":9,
    "Yds":"101",
    "Avg":5.6,
    "Yds/G":50.5,
    "TD":0,
    "Lng":"24",
    "1st":6,
    "1st%":33.3,
    "20+":1,
    "40+":0,
    "FUM":0
  },
  {
    "Player":"Bryce Petty",
    "Team":"NYJ",
    "Pos":"QB",
    "Att":5,
    "Att/G":0.8,
    "Yds":19,
    "Avg":3.8,
    "Yds/G":3.2,
    "TD":0,
    "Lng":"9",
    "1st":1,
    "1st%":20,
    "20+":0,
    "40+":0,
    "FUM":0
  },
  {
    "Player":"Jay Prosch",
    "Team":"HOU",
    "Pos":"FB",
    "Att":4,
    "Att/G":0.3,
    "Yds":9,
    "Avg":2.3,
    "Yds/G":0.6,
    "TD":0,
    "Lng":"5",
    "1st":3,
    "1st%":75,
    "20+":0,
    "40+":0,
    "FUM":0
  },
  {
    "Player":"Jay Cutler",
    "Team":"CHI",
    "Pos":"QB",
    "Att":5,
    "Att/G":1,
    "Yds":24,
    "Avg":4.8,
    "Yds/G":4.8,
    "TD":0,
    "Lng":"12",
    "1st":1,
    "1st%":20,
    "20+":0,
    "40+":0,
    "FUM":1
  },
  {
    "Player":"Ka'Deem Carey",
    "Team":"CHI",
    "Pos":"RB",
    "Att":32,
    "Att/G":2.7,
    "Yds":126,
    "Avg":3.9,
    "Yds/G":10.5,
    "TD":0,
    "Lng":"24",
    "1st":4,
    "1st%":12.5,
    "20+":1,
    "40+":0,
    "FUM":0
  },
  {
    "Player":"DuJuan Harris",
    "Team":"SF",
    "Pos":"RB",
    "Att":38,
    "Att/G":3.8,
    "Yds":138,
    "Avg":3.6,
    "Yds/G":13.8,
    "TD":0,
    "Lng":"19",
    "1st":6,
    "1st%":15.8,
    "20+":0,
    "40+":0,
    "FUM":1
  },
  {
    "Player":"Peyton Barber",
    "Team":"TB",
    "Pos":"RB",
    "Att":55,
    "Att/G":3.7,
    "Yds":223,
    "Avg":4.1,
    "Yds/G":14.9,
    "TD":1,
    "Lng":"44T",
    "1st":10,
    "1st%":18.2,
    "20+":1,
    "40+":1,
    "FUM":0
  },
  {
    "Player":"Jared Goff",
    "Team":"LA",
    "Pos":"QB",
    "Att":8,
    "Att/G":1.1,
    "Yds":16,
    "Avg":2,
    "Yds/G":2.3,
    "TD":1,
    "Lng":"6",
    "1st":1,
    "1st%":12.5,
    "20+":0,
    "40+":0,
    "FUM":0
  },
  {
    "Player":"Matt Forte",
    "Team":"NYJ",
    "Pos":"RB",
    "Att":218,
    "Att/G":15.6,
    "Yds":"813",
    "Avg":3.7,
    "Yds/G":58.1,
    "TD":7,
    "Lng":"32",
    "1st":35,
    "1st%":16.1,
    "20+":5,
    "40+":0,
    "FUM":1
  },
  {
    "Player":"Cordarrelle Patterson",
    "Team":"MIN",
    "Pos":"WR",
    "Att":7,
    "Att/G":0.4,
    "Yds":43,
    "Avg":6.1,
    "Yds/G":2.7,
    "TD":0,
    "Lng":"22",
    "1st":2,
    "1st%":28.6,
    "20+":1,
    "40+":0,
    "FUM":0
  },
  {
    "Player":"LeGarrette Blount",
    "Team":"NE",
    "Pos":"RB",
    "Att":299,
    "Att/G":18.7,
    "Yds":"1,161",
    "Avg":3.9,
    "Yds/G":72.6,
    "TD":18,
    "Lng":"44",
    "1st":67,
    "1st%":22.4,
    "20+":7,
    "40+":3,
    "FUM":2
  },
  {
    "Player":"John Kuhn",
    "Team":"NO",
    "Pos":"FB",
    "Att":18,
    "Att/G":1.1,
    "Yds":37,
    "Avg":2.1,
    "Yds/G":2.3,
    "TD":4,
    "Lng":"4",
    "1st":12,
    "1st%":66.7,
    "20+":0,
    "40+":0,
    "FUM":0
  },
  {
    "Player":"Arian Foster",
    "Team":"MIA",
    "Pos":"RB",
    "Att":22,
    "Att/G":5.5,
    "Yds":55,
    "Avg":2.5,
    "Yds/G":13.8,
    "TD":0,
    "Lng":"9",
    "1st":2,
    "1st%":9.1,
    "20+":0,
    "40+":0,
    "FUM":1
  },
  {
    "Player":"Josh Huff",
    "Team":"TB",
    "Pos":"WR",
    "Att":1,
    "Att/G":0.3,
    "Yds":5,
    "Avg":5,
    "Yds/G":1.7,
    "TD":0,
    "Lng":"5",
    "1st":0,
    "1st%":0,
    "20+":0,
    "40+":0,
    "FUM":0
  },
  {
    "Player":"Le'Veon Bell",
    "Team":"PIT",
    "Pos":"RB",
    "Att":261,
    "Att/G":21.8,
    "Yds":"1,268",
    "Avg":4.9,
    "Yds/G":105.7,
    "TD":7,
    "Lng":"44",
    "1st":69,
    "1st%":26.4,
    "20+":4,
    "40+":1,
    "FUM":3
  },
  {
    "Player":"Sam Bradford",
    "Team":"MIN",
    "Pos":"QB",
    "Att":20,
    "Att/G":1.3,
    "Yds":53,
    "Avg":2.7,
    "Yds/G":3.5,
    "TD":0,
    "Lng":"24",
    "1st":3,
    "1st%":15,
    "20+":1,
    "40+":0,
    "FUM":1
  },
  {
    "Player":"Valentino Blake",
    "Team":"TEN",
    "Pos":"DB",
    "Att":1,
    "Att/G":0.1,
    "Yds":-2,
    "Avg":-2,
    "Yds/G":-0.1,
    "TD":0,
    "Lng":"-2",
    "1st":0,
    "1st%":0,
    "20+":0,
    "40+":0,
    "FUM":0
  },
  {
    "Player":"Sammie Coates",
    "Team":"PIT",
    "Pos":"WR",
    "Att":4,
    "Att/G":0.3,
    "Yds":14,
    "Avg":3.5,
    "Yds/G":1,
    "TD":0,
    "Lng":"15",
    "1st":1,
    "1st%":25,
    "20+":0,
    "40+":0,
    "FUM":0
  },
  {
    "Player":"Byron Marshall",
    "Team":"PHI",
    "Pos":"WR",
    "Att":19,
    "Att/G":6.3,
    "Yds":64,
    "Avg":3.4,
    "Yds/G":21.3,
    "TD":0,
    "Lng":"12",
    "1st":5,
    "1st%":26.3,
    "20+":0,
    "40+":0,
    "FUM":0
  },
  {
    "Player":"Trevone Boykin",
    "Team":"SEA",
    "Pos":"QB",
    "Att":8,
    "Att/G":1.6,
    "Yds":1,
    "Avg":0.1,
    "Yds/G":0.2,
    "TD":0,
    "Lng":"11",
    "1st":1,
    "1st%":12.5,
    "20+":0,
    "40+":0,
    "FUM":0
  },
  {
    "Player":"Cam Newton",
    "Team":"CAR",
    "Pos":"QB",
    "Att":90,
    "Att/G":6,
    "Yds":359,
    "Avg":4,
    "Yds/G":23.9,
    "TD":5,
    "Lng":"28",
    "1st":28,
    "1st%":31.1,
    "20+":2,
    "40+":0,
    "FUM":1
  },
  {
    "Player":"Bobby Rainey",
    "Team":"NYG",
    "Pos":"RB",
    "Att":17,
    "Att/G":1.1,
    "Yds":63,
    "Avg":3.7,
    "Yds/G":4.2,
    "TD":0,
    "Lng":"14",
    "1st":4,
    "1st%":23.5,
    "20+":0,
    "40+":0,
    "FUM":0
  },
  {
    "Player":"Terron Ward",
    "Team":"ATL",
    "Pos":"RB",
    "Att":31,
    "Att/G":6.2,
    "Yds":151,
    "Avg":4.9,
    "Yds/G":30.2,
    "TD":0,
    "Lng":"45",
    "1st":6,
    "1st%":19.4,
    "20+":2,
    "40+":1,
    "FUM":0
  },
  {
    "Player":"Eli Rogers",
    "Team":"PIT",
    "Pos":"WR",
    "Att":1,
    "Att/G":0.1,
    "Yds":6,
    "Avg":6,
    "Yds/G":0.5,
    "TD":0,
    "Lng":"6",
    "1st":0,
    "1st%":0,
    "20+":0,
    "40+":0,
    "FUM":0
  },
  {
    "Player":"Eli Manning",
    "Team":"NYG",
    "Pos":"QB",
    "Att":21,
    "Att/G":1.3,
    "Yds":-9,
    "Avg":-0.4,
    "Yds/G":-0.6,
    "TD":0,
    "Lng":6,
    "1st":2,
    "1st%":9.5,
    "20+":0,
    "40+":0,
    "FUM":0
  },
  {
    "Player":"Matt Cassel",
    "Team":"TEN",
    "Pos":"QB",
    "Att":4,
    "Att/G":1,
    "Yds":3,
    "Avg":0.8,
    "Yds/G":0.8,
    "TD":0,
    "Lng":"3",
    "1st":0,
    "1st%":0,
    "20+":0,
    "40+":0,
    "FUM":0
  },
  {
    "Player":"Tom Brady",
    "Team":"NE",
    "Pos":"QB",
    "Att":28,
    "Att/G":2.3,
    "Yds":64,
    "Avg":2.3,
    "Yds/G":5.3,
    "TD":0,
    "Lng":"15",
    "1st":10,
    "1st%":35.7,
    "20+":0,
    "40+":0,
    "FUM":1
  },
  {
    "Player":"C.J. Anderson",
    "Team":"DEN",
    "Pos":"RB",
    "Att":110,
    "Att/G":15.7,
    "Yds":"437",
    "Avg":4,
    "Yds/G":62.4,
    "TD":4,
    "Lng":"28",
    "1st":22,
    "1st%":20,
    "20+":1,
    "40+":0,
    "FUM":0
  },
  {
    "Player":"Jerome Felton",
    "Team":"BUF",
    "Pos":"FB",
    "Att":8,
    "Att/G":0.5,
    "Yds":13,
    "Avg":1.6,
    "Yds/G":0.9,
    "TD":0,
    "Lng":"6",
    "1st":5,
    "1st%":62.5,
    "20+":0,
    "40+":0,
    "FUM":0
  },
  {
    "Player":"Juwan Thompson",
    "Team":"DEN",
    "Pos":"RB",
    "Att":8,
    "Att/G":1,
    "Yds":26,
    "Avg":3.3,
    "Yds/G":3.2,
    "TD":1,
    "Lng":"14",
    "1st":2,
    "1st%":25,
    "20+":0,
    "40+":0,
    "FUM":0
  },
  {
    "Player":"Corey Grant",
    "Team":"JAX",
    "Pos":"RB",
    "Att":32,
    "Att/G":2.9,
    "Yds":164,
    "Avg":5.1,
    "Yds/G":14.9,
    "TD":1,
    "Lng":"57T",
    "1st":6,
    "1st%":18.8,
    "20+":1,
    "40+":1,
    "FUM":0
  },
  {
    "Player":"Alfred Morris",
    "Team":"DAL",
    "Pos":"RB",
    "Att":69,
    "Att/G":4.9,
    "Yds":243,
    "Avg":3.5,
    "Yds/G":17.4,
    "TD":2,
    "Lng":"17",
    "1st":15,
    "1st%":21.7,
    "20+":0,
    "40+":0,
    "FUM":0
  },
  {
    "Player":"Braxton Miller",
    "Team":"HOU",
    "Pos":"WR",
    "Att":3,
    "Att/G":0.3,
    "Yds":0,
    "Avg":0,
    "Yds/G":0,
    "TD":0,
    "Lng":"1",
    "1st":0,
    "1st%":0,
    "20+":0,
    "40+":0,
    "FUM":0
  },
  {
    "Player":"Robby Anderson",
    "Team":"NYJ",
    "Pos":"WR",
    "Att":3,
    "Att/G":0.2,
    "Yds":42,
    "Avg":14,
    "Yds/G":2.6,
    "TD":0,
    "Lng":"30",
    "1st":2,
    "1st%":66.7,
    "20+":1,
    "40+":0,
    "FUM":0
  },
  {
    "Player":"Todd Gurley",
    "Team":"LA",
    "Pos":"RB",
    "Att":278,
    "Att/G":17.4,
    "Yds":"885",
    "Avg":3.2,
    "Yds/G":55.3,
    "TD":6,
    "Lng":"24T",
    "1st":48,
    "1st%":17.3,
    "20+":2,
    "40+":0,
    "FUM":2
  },
  {
    "Player":"Joe Flacco",
    "Team":"BAL",
    "Pos":"QB",
    "Att":21,
    "Att/G":1.3,
    "Yds":58,
    "Avg":2.8,
    "Yds/G":3.6,
    "TD":2,
    "Lng":"16",
    "1st":6,
    "1st%":28.6,
    "20+":0,
    "40+":0,
    "FUM":1
  },
  {
    "Player":"Matthew Stafford",
    "Team":"DET",
    "Pos":"QB",
    "Att":37,
    "Att/G":2.3,
    "Yds":207,
    "Avg":5.6,
    "Yds/G":12.9,
    "TD":2,
    "Lng":"24",
    "1st":15,
    "1st%":40.5,
    "20+":1,
    "40+":0,
    "FUM":0
  },
  {
    "Player":"Mike Tolbert",
    "Team":"CAR",
    "Pos":"FB",
    "Att":35,
    "Att/G":2.2,
    "Yds":114,
    "Avg":3.3,
    "Yds/G":7.1,
    "TD":0,
    "Lng":"14",
    "1st":5,
    "1st%":14.3,
    "20+":0,
    "40+":0,
    "FUM":0
  },
  {
    "Player":"Danny Woodhead",
    "Team":"SD",
    "Pos":"RB",
    "Att":19,
    "Att/G":9.5,
    "Yds":"116",
    "Avg":6.1,
    "Yds/G":58,
    "TD":0,
    "Lng":"23",
    "1st":6,
    "1st%":31.6,
    "20+":2,
    "40+":0,
    "FUM":0
  },
  {
    "Player":"Carson Palmer",
    "Team":"ARI",
    "Pos":"QB",
    "Att":14,
    "Att/G":0.9,
    "Yds":38,
    "Avg":2.7,
    "Yds/G":2.5,
    "TD":0,
    "Lng":"16",
    "1st":3,
    "1st%":21.4,
    "20+":0,
    "40+":0,
    "FUM":5
  },
  {
    "Player":"Stepfan Taylor",
    "Team":"ARI",
    "Pos":"RB",
    "Att":4,
    "Att/G":0.3,
    "Yds":12,
    "Avg":3,
    "Yds/G":0.8,
    "TD":0,
    "Lng":"12",
    "1st":1,
    "1st%":25,
    "20+":0,
    "40+":0,
    "FUM":0
  },
  {
    "Player":"Travis Kelce",
    "Team":"KC",
    "Pos":"TE",
    "Att":1,
    "Att/G":0.1,
    "Yds":-5,
    "Avg":-5,
    "Yds/G":-0.3,
    "TD":0,
    "Lng":-5,
    "1st":0,
    "1st%":0,
    "20+":0,
    "40+":0,
    "FUM":0
  },
  {
    "Player":"Josh Ferguson",
    "Team":"IND",
    "Pos":"RB",
    "Att":15,
    "Att/G":0.9,
    "Yds":20,
    "Avg":1.3,
    "Yds/G":1.2,
    "TD":0,
    "Lng":"11",
    "1st":0,
    "1st%":0,
    "20+":0,
    "40+":0,
    "FUM":0
  },
  {
    "Player":"Carson Wentz",
    "Team":"PHI",
    "Pos":"QB",
    "Att":46,
    "Att/G":2.9,
    "Yds":150,
    "Avg":3.3,
    "Yds/G":9.4,
    "TD":2,
    "Lng":"17",
    "1st":15,
    "1st%":32.6,
    "20+":0,
    "40+":0,
    "FUM":4
  },
  {
    "Player":"Matt Schaub",
    "Team":"ATL",
    "Pos":"QB",
    "Att":2,
    "Att/G":0.5,
    "Yds":-2,
    "Avg":-1,
    "Yds/G":-0.5,
    "TD":0,
    "Lng":-1,
    "1st":0,
    "1st%":0,
    "20+":0,
    "40+":0,
    "FUM":0
  },
  {
    "Player":"Christine Michael",
    "Team":"GB",
    "Pos":"RB",
    "Att":31,
    "Att/G":5.2,
    "Yds":114,
    "Avg":3.7,
    "Yds/G":19,
    "TD":1,
    "Lng":"42T",
    "1st":5,
    "1st%":16.1,
    "20+":1,
    "40+":1,
    "FUM":0
  },
  {
    "Player":"Dak Prescott",
    "Team":"DAL",
    "Pos":"QB",
    "Att":57,
    "Att/G":3.6,
    "Yds":282,
    "Avg":4.9,
    "Yds/G":17.6,
    "TD":6,
    "Lng":"18",
    "1st":21,
    "1st%":36.8,
    "20+":0,
    "40+":0,
    "FUM":3
  },
  {
    "Player":"Odell Beckham",
    "Team":"NYG",
    "Pos":"WR",
    "Att":1,
    "Att/G":0.1,
    "Yds":9,
    "Avg":9,
    "Yds/G":0.6,
    "TD":0,
    "Lng":"9",
    "1st":0,
    "1st%":0,
    "20+":0,
    "40+":0,
    "FUM":0
  },
  {
    "Player":"DeMarcus Ayers",
    "Team":"PIT",
    "Pos":"WR",
    "Att":2,
    "Att/G":1,
    "Yds":-12,
    "Avg":-6,
    "Yds/G":-6,
    "TD":0,
    "Lng":0,
    "1st":0,
    "1st%":0,
    "20+":0,
    "40+":0,
    "FUM":0
  },
  {
    "Player":"George Farmer",
    "Team":"SEA",
    "Pos":"RB",
    "Att":1,
    "Att/G":0.5,
    "Yds":1,
    "Avg":1,
    "Yds/G":0.5,
    "TD":0,
    "Lng":"1",
    "1st":0,
    "1st%":0,
    "20+":0,
    "40+":0,
    "FUM":0
  },
  {
    "Player":"Will Tukuafu",
    "Team":"SEA",
    "Pos":"FB",
    "Att":2,
    "Att/G":0.3,
    "Yds":2,
    "Avg":1,
    "Yds/G":0.3,
    "TD":0,
    "Lng":"2",
    "1st":0,
    "1st%":0,
    "20+":0,
    "40+":0,
    "FUM":0
  },
  {
    "Player":"Chad Henne",
    "Team":"JAX",
    "Pos":"QB",
    "Att":1,
    "Att/G":1,
    "Yds":-2,
    "Avg":-2,
    "Yds/G":-2,
    "TD":0,
    "Lng":-2,
    "1st":0,
    "1st%":0,
    "20+":0,
    "40+":0,
    "FUM":0
  },
  {
    "Player":"James Wright",
    "Team":"CIN",
    "Pos":"WR",
    "Att":2,
    "Att/G":0.2,
    "Yds":-6,
    "Avg":-3,
    "Yds/G":-0.5,
    "TD":0,
    "Lng":2,
    "1st":1,
    "1st%":50,
    "20+":0,
    "40+":0,
    "FUM":0
  },
  {
    "Player":"Giovani Bernard",
    "Team":"CIN",
    "Pos":"RB",
    "Att":91,
    "Att/G":9.1,
    "Yds":"337",
    "Avg":3.7,
    "Yds/G":33.7,
    "TD":2,
    "Lng":"17",
    "1st":15,
    "1st%":16.5,
    "20+":0,
    "40+":0,
    "FUM":0
  },
  {
    "Player":"Frank Gore",
    "Team":"IND",
    "Pos":"RB",
    "Att":263,
    "Att/G":16.4,
    "Yds":"1,025",
    "Avg":3.9,
    "Yds/G":64.1,
    "TD":4,
    "Lng":"22",
    "1st":50,
    "1st%":19,
    "20+":1,
    "40+":0,
    "FUM":2
  },
  {
    "Player":"EJ Manuel",
    "Team":"BUF",
    "Pos":"QB",
    "Att":8,
    "Att/G":1.3,
    "Yds":22,
    "Avg":2.8,
    "Yds/G":3.7,
    "TD":0,
    "Lng":"8",
    "1st":3,
    "1st%":37.5,
    "20+":0,
    "40+":0,
    "FUM":1
  },
  {
    "Player":"Mike Wallace",
    "Team":"BAL",
    "Pos":"WR",
    "Att":5,
    "Att/G":0.3,
    "Yds":31,
    "Avg":6.2,
    "Yds/G":1.9,
    "TD":0,
    "Lng":"13",
    "1st":2,
    "1st%":40,
    "20+":0,
    "40+":0,
    "FUM":0
  },
  {
    "Player":"Derek Carr",
    "Team":"OAK",
    "Pos":"QB",
    "Att":39,
    "Att/G":2.6,
    "Yds":70,
    "Avg":1.8,
    "Yds/G":4.7,
    "TD":0,
    "Lng":"13",
    "1st":5,
    "1st%":12.8,
    "20+":0,
    "40+":0,
    "FUM":3
  },
  {
    "Player":"Marcus Mariota",
    "Team":"TEN",
    "Pos":"QB",
    "Att":60,
    "Att/G":4,
    "Yds":349,
    "Avg":5.8,
    "Yds/G":23.3,
    "TD":2,
    "Lng":"41",
    "1st":19,
    "1st%":31.7,
    "20+":3,
    "40+":1,
    "FUM":7
  },
  {
    "Player":"Jamize Olawale",
    "Team":"OAK",
    "Pos":"FB",
    "Att":17,
    "Att/G":1.1,
    "Yds":47,
    "Avg":2.8,
    "Yds/G":2.9,
    "TD":2,
    "Lng":"17",
    "1st":5,
    "1st%":29.4,
    "20+":0,
    "40+":0,
    "FUM":0
  },
  {
    "Player":"Ezekiel Elliott",
    "Team":"DAL",
    "Pos":"RB",
    "Att":322,
    "Att/G":21.5,
    "Yds":"1,631",
    "Avg":5.1,
    "Yds/G":108.7,
    "TD":15,
    "Lng":"60T",
    "1st":91,
    "1st%":28.3,
    "20+":14,
    "40+":3,
    "FUM":5
  },
  {
    "Player":"Antonio Andrews",
    "Team":"TEN",
    "Pos":"RB",
    "Att":2,
    "Att/G":0.1,
    "Yds":15,
    "Avg":7.5,
    "Yds/G":0.9,
    "TD":0,
    "Lng":"9",
    "1st":0,
    "1st%":0,
    "20+":0,
    "40+":0,
    "FUM":0
  },
  {
    "Player":"Jacquizz Rodgers",
    "Team":"TB",
    "Pos":"RB",
    "Att":129,
    "Att/G":12.9,
    "Yds":"560",
    "Avg":4.3,
    "Yds/G":56,
    "TD":2,
    "Lng":"45",
    "1st":29,
    "1st%":22.5,
    "20+":3,
    "40+":1,
    "FUM":0
  },
  {
    "Player":"Golden Tate",
    "Team":"DET",
    "Pos":"WR",
    "Att":10,
    "Att/G":0.6,
    "Yds":4,
    "Avg":0.4,
    "Yds/G":0.2,
    "TD":0,
    "Lng":"11",
    "1st":1,
    "1st%":10,
    "20+":0,
    "40+":0,
    "FUM":1
  },
  {
    "Player":"Mike Davis",
    "Team":"SF",
    "Pos":"RB",
    "Att":19,
    "Att/G":2.4,
    "Yds":50,
    "Avg":2.6,
    "Yds/G":6.2,
    "TD":1,
    "Lng":"8",
    "1st":4,
    "1st%":21.1,
    "20+":0,
    "40+":0,
    "FUM":1
  },
  {
    "Player":"Mark Sanchez",
    "Team":"DAL",
    "Pos":"QB",
    "Att":4,
    "Att/G":2,
    "Yds":-2,
    "Avg":-0.5,
    "Yds/G":-1,
    "TD":0,
    "Lng":1,
    "1st":0,
    "1st%":0,
    "20+":0,
    "40+":0,
    "FUM":0
  },
  {
    "Player":"Rob Kelley",
    "Team":"WAS",
    "Pos":"RB",
    "Att":168,
    "Att/G":11.2,
    "Yds":"704",
    "Avg":4.2,
    "Yds/G":46.9,
    "TD":6,
    "Lng":"66",
    "1st":29,
    "1st%":17.3,
    "20+":4,
    "40+":2,
    "FUM":0
  },
  {
    "Player":"Aaron Rodgers",
    "Team":"GB",
    "Pos":"QB",
    "Att":67,
    "Att/G":4.2,
    "Yds":369,
    "Avg":5.5,
    "Yds/G":23.1,
    "TD":4,
    "Lng":"23",
    "1st":25,
    "1st%":37.3,
    "20+":3,
    "40+":0,
    "FUM":3
  },
  {
    "Player":"Derrick Henry",
    "Team":"TEN",
    "Pos":"RB",
    "Att":110,
    "Att/G":7.3,
    "Yds":490,
    "Avg":4.5,
    "Yds/G":32.7,
    "TD":5,
    "Lng":"22",
    "1st":29,
    "1st%":26.4,
    "20+":1,
    "40+":0,
    "FUM":0
  },
  {
    "Player":"Khiry Robinson",
    "Team":"NYJ",
    "Pos":"RB",
    "Att":8,
    "Att/G":8,
    "Yds":22,
    "Avg":2.8,
    "Yds/G":22,
    "TD":0,
    "Lng":"10",
    "1st":1,
    "1st%":12.5,
    "20+":0,
    "40+":0,
    "FUM":1
  },
  {
    "Player":"Jay Ajayi",
    "Team":"MIA",
    "Pos":"RB",
    "Att":260,
    "Att/G":17.3,
    "Yds":"1,272",
    "Avg":4.9,
    "Yds/G":84.8,
    "TD":8,
    "Lng":"62T",
    "1st":60,
    "1st%":23.1,
    "20+":10,
    "40+":4,
    "FUM":4
  },
  {
    "Player":"Terrence Magee",
    "Team":"SEA",
    "Pos":"RB",
    "Att":3,
    "Att/G":1.5,
    "Yds":12,
    "Avg":4,
    "Yds/G":6,
    "TD":0,
    "Lng":"5",
    "1st":0,
    "1st%":0,
    "20+":0,
    "40+":0,
    "FUM":0
  },
  {
    "Player":"Corey Brown",
    "Team":"CAR",
    "Pos":"WR",
    "Att":2,
    "Att/G":0.1,
    "Yds":6,
    "Avg":3,
    "Yds/G":0.4,
    "TD":0,
    "Lng":"9",
    "1st":0,
    "1st%":0,
    "20+":0,
    "40+":0,
    "FUM":0
  },
  {
    "Player":"Doug Baldwin",
    "Team":"SEA",
    "Pos":"WR",
    "Att":3,
    "Att/G":0.2,
    "Yds":2,
    "Avg":0.7,
    "Yds/G":0.1,
    "TD":0,
    "Lng":"4",
    "1st":0,
    "1st%":0,
    "20+":0,
    "40+":0,
    "FUM":0
  },
  {
    "Player":"Kendall Wright",
    "Team":"TEN",
    "Pos":"WR",
    "Att":1,
    "Att/G":0.1,
    "Yds":15,
    "Avg":15,
    "Yds/G":1.4,
    "TD":0,
    "Lng":"15",
    "1st":1,
    "1st%":100,
    "20+":0,
    "40+":0,
    "FUM":0
  },
  {
    "Player":"Sterling Shepard",
    "Team":"NYG",
    "Pos":"WR",
    "Att":3,
    "Att/G":0.2,
    "Yds":31,
    "Avg":10.3,
    "Yds/G":1.9,
    "TD":0,
    "Lng":"22",
    "1st":1,
    "1st%":33.3,
    "20+":1,
    "40+":0,
    "FUM":0
  },
  {
    "Player":"Adam Humphries",
    "Team":"TB",
    "Pos":"WR",
    "Att":5,
    "Att/G":0.3,
    "Yds":18,
    "Avg":3.6,
    "Yds/G":1.2,
    "TD":0,
    "Lng":"8",
    "1st":0,
    "1st%":0,
    "20+":0,
    "40+":0,
    "FUM":0
  },
  {
    "Player":"Tyler Lockett",
    "Team":"SEA",
    "Pos":"WR",
    "Att":6,
    "Att/G":0.4,
    "Yds":114,
    "Avg":19,
    "Yds/G":7.6,
    "TD":1,
    "Lng":"75T",
    "1st":4,
    "1st%":66.7,
    "20+":1,
    "40+":1,
    "FUM":0
  },
  {
    "Player":"Kyle Juszczyk",
    "Team":"BAL",
    "Pos":"FB",
    "Att":5,
    "Att/G":0.3,
    "Yds":22,
    "Avg":4.4,
    "Yds/G":1.4,
    "TD":1,
    "Lng":"10T",
    "1st":3,
    "1st%":60,
    "20+":0,
    "40+":0,
    "FUM":0
  },
  {
    "Player":"C.J. Prosise",
    "Team":"SEA",
    "Pos":"RB",
    "Att":30,
    "Att/G":5,
    "Yds":172,
    "Avg":5.7,
    "Yds/G":28.7,
    "TD":1,
    "Lng":"72T",
    "1st":3,
    "1st%":10,
    "20+":1,
    "40+":1,
    "FUM":0
  },
  {
    "Player":"Akeem Hunt",
    "Team":"HOU",
    "Pos":"RB",
    "Att":20,
    "Att/G":2.5,
    "Yds":109,
    "Avg":5.5,
    "Yds/G":13.6,
    "TD":0,
    "Lng":"19",
    "1st":4,
    "1st%":20,
    "20+":0,
    "40+":0,
    "FUM":2
  },
  {
    "Player":"Damien Williams",
    "Team":"MIA",
    "Pos":"RB",
    "Att":35,
    "Att/G":2.3,
    "Yds":115,
    "Avg":3.3,
    "Yds/G":7.7,
    "TD":3,
    "Lng":"23",
    "1st":8,
    "1st%":22.9,
    "20+":1,
    "40+":0,
    "FUM":0
  },
  {
    "Player":"Keith Smith",
    "Team":"DAL",
    "Pos":"FB",
    "Att":2,
    "Att/G":0.1,
    "Yds":5,
    "Avg":2.5,
    "Yds/G":0.3,
    "TD":0,
    "Lng":"3",
    "1st":2,
    "1st%":100,
    "20+":0,
    "40+":0,
    "FUM":0
  },
  {
    "Player":"Theo Riddick",
    "Team":"DET",
    "Pos":"RB",
    "Att":92,
    "Att/G":9.2,
    "Yds":"357",
    "Avg":3.9,
    "Yds/G":35.7,
    "TD":1,
    "Lng":"42",
    "1st":19,
    "1st%":20.7,
    "20+":2,
    "40+":1,
    "FUM":0
  },
  {
    "Player":"Chris Johnson",
    "Team":"ARI",
    "Pos":"RB",
    "Att":25,
    "Att/G":6.2,
    "Yds":95,
    "Avg":3.8,
    "Yds/G":23.8,
    "TD":1,
    "Lng":"18",
    "1st":5,
    "1st%":20,
    "20+":0,
    "40+":0,
    "FUM":0
  },
  {
    "Player":"Andrew Hawkins",
    "Team":"CLE",
    "Pos":"WR",
    "Att":2,
    "Att/G":0.1,
    "Yds":0,
    "Avg":0,
    "Yds/G":0,
    "TD":0,
    "Lng":"1",
    "1st":0,
    "1st%":0,
    "20+":0,
    "40+":0,
    "FUM":0
  },
  {
    "Player":"Jimmy Garoppolo",
    "Team":"NE",
    "Pos":"QB",
    "Att":10,
    "Att/G":1.7,
    "Yds":6,
    "Avg":0.6,
    "Yds/G":1,
    "TD":0,
    "Lng":"10",
    "1st":1,
    "1st%":10,
    "20+":0,
    "40+":0,
    "FUM":1
  },
  {
    "Player":"Chris Thompson",
    "Team":"WAS",
    "Pos":"RB",
    "Att":68,
    "Att/G":4.2,
    "Yds":356,
    "Avg":5.2,
    "Yds/G":22.2,
    "TD":3,
    "Lng":"25T",
    "1st":16,
    "1st%":23.5,
    "20+":2,
    "40+":0,
    "FUM":1
  },
  {
    "Player":"Blake Bortles",
    "Team":"JAX",
    "Pos":"QB",
    "Att":58,
    "Att/G":3.6,
    "Yds":359,
    "Avg":6.2,
    "Yds/G":22.4,
    "TD":3,
    "Lng":"27",
    "1st":20,
    "1st%":34.5,
    "20+":4,
    "40+":0,
    "FUM":2
  },
  {
    "Player":"Lorenzo Taliaferro",
    "Team":"BAL",
    "Pos":"RB",
    "Att":1,
    "Att/G":0.3,
    "Yds":0,
    "Avg":0,
    "Yds/G":0,
    "TD":0,
    "Lng":"0",
    "1st":0,
    "1st%":0,
    "20+":0,
    "40+":0,
    "FUM":0
  },
  {
    "Player":"Andrew Luck",
    "Team":"IND",
    "Pos":"QB",
    "Att":64,
    "Att/G":4.3,
    "Yds":341,
    "Avg":5.3,
    "Yds/G":22.7,
    "TD":2,
    "Lng":"33",
    "1st":20,
    "1st%":31.3,
    "20+":3,
    "40+":0,
    "FUM":3
  },
  {
    "Player":"Andre Williams",
    "Team":"SD",
    "Pos":"RB",
    "Att":18,
    "Att/G":18,
    "Yds":"87",
    "Avg":4.8,
    "Yds/G":87,
    "TD":0,
    "Lng":"14",
    "1st":6,
    "1st%":33.3,
    "20+":0,
    "40+":0,
    "FUM":0
  },
  {
    "Player":"Drew Butler",
    "Team":"ARI",
    "Pos":"P",
    "Att":1,
    "Att/G":0.1,
    "Yds":0,
    "Avg":0,
    "Yds/G":0,
    "TD":0,
    "Lng":"0",
    "1st":0,
    "1st%":0,
    "20+":0,
    "40+":0,
    "FUM":1
  },
  {
    "Player":"Cody Kessler",
    "Team":"CLE",
    "Pos":"QB",
    "Att":11,
    "Att/G":1.2,
    "Yds":18,
    "Avg":1.6,
    "Yds/G":2,
    "TD":0,
    "Lng":"8",
    "1st":1,
    "1st%":9.1,
    "20+":0,
    "40+":0,
    "FUM":3
  },
  {
    "Player":"Bronson Hill",
    "Team":"JAX",
    "Pos":"RB",
    "Att":2,
    "Att/G":0.7,
    "Yds":11,
    "Avg":5.5,
    "Yds/G":3.7,
    "TD":0,
    "Lng":"7",
    "1st":0,
    "1st%":0,
    "20+":0,
    "40+":0,
    "FUM":0
  },
  {
    "Player":"Brian Hoyer",
    "Team":"CHI",
    "Pos":"QB",
    "Att":7,
    "Att/G":1.2,
    "Yds":-2,
    "Avg":-0.3,
    "Yds/G":-0.3,
    "TD":0,
    "Lng":3,
    "1st":0,
    "1st%":0,
    "20+":0,
    "40+":0,
    "FUM":2
  },
  {
    "Player":"Jonathan Stewart",
    "Team":"CAR",
    "Pos":"RB",
    "Att":218,
    "Att/G":16.8,
    "Yds":"824",
    "Avg":3.8,
    "Yds/G":63.4,
    "TD":9,
    "Lng":"47",
    "1st":47,
    "1st%":21.6,
    "20+":6,
    "40+":1,
    "FUM":3
  },
  {
    "Player":"Marquette King",
    "Team":"OAK",
    "Pos":"P",
    "Att":2,
    "Att/G":0.1,
    "Yds":27,
    "Avg":13.5,
    "Yds/G":1.7,
    "TD":0,
    "Lng":"27",
    "1st":1,
    "1st%":50,
    "20+":1,
    "40+":0,
    "FUM":1
  },
  {
    "Player":"Fozzy Whittaker",
    "Team":"CAR",
    "Pos":"RB",
    "Att":57,
    "Att/G":3.6,
    "Yds":265,
    "Avg":4.6,
    "Yds/G":16.6,
    "TD":0,
    "Lng":"25",
    "1st":10,
    "1st%":17.5,
    "20+":1,
    "40+":0,
    "FUM":1
  },
  {
    "Player":"Colton Schmidt",
    "Team":"BUF",
    "Pos":"P",
    "Att":1,
    "Att/G":0.1,
    "Yds":16,
    "Avg":16,
    "Yds/G":1,
    "TD":0,
    "Lng":"16",
    "1st":1,
    "1st%":100,
    "20+":0,
    "40+":0,
    "FUM":1
  },
  {
    "Player":"Eric Ebron",
    "Team":"DET",
    "Pos":"TE",
    "Att":1,
    "Att/G":0.1,
    "Yds":1,
    "Avg":1,
    "Yds/G":0.1,
    "TD":1,
    "Lng":"1T",
    "1st":1,
    "1st%":100,
    "20+":0,
    "40+":0,
    "FUM":0
  },
  {
    "Player":"Taylor Gabriel",
    "Team":"ATL",
    "Pos":"WR",
    "Att":4,
    "Att/G":0.3,
    "Yds":51,
    "Avg":12.8,
    "Yds/G":3.9,
    "TD":1,
    "Lng":"27",
    "1st":3,
    "1st%":75,
    "20+":1,
    "40+":0,
    "FUM":0
  },
  {
    "Player":"Benny Cunningham",
    "Team":"LA",
    "Pos":"RB",
    "Att":21,
    "Att/G":1.9,
    "Yds":101,
    "Avg":4.8,
    "Yds/G":9.2,
    "TD":0,
    "Lng":"24",
    "1st":4,
    "1st%":19,
    "20+":2,
    "40+":0,
    "FUM":1
  },
  {
    "Player":"Paul Perkins",
    "Team":"NYG",
    "Pos":"RB",
    "Att":112,
    "Att/G":8,
    "Yds":456,
    "Avg":4.1,
    "Yds/G":32.6,
    "TD":0,
    "Lng":"22",
    "1st":22,
    "1st%":19.6,
    "20+":2,
    "40+":0,
    "FUM":1
  },
  {
    "Player":"Tevin Coleman",
    "Team":"ATL",
    "Pos":"RB",
    "Att":118,
    "Att/G":9.1,
    "Yds":"520",
    "Avg":4.4,
    "Yds/G":40,
    "TD":8,
    "Lng":"55T",
    "1st":24,
    "1st%":20.3,
    "20+":5,
    "40+":1,
    "FUM":1
  },
  {
    "Player":"Colin Kaepernick",
    "Team":"SF",
    "Pos":"QB",
    "Att":69,
    "Att/G":5.8,
    "Yds":"468",
    "Avg":6.8,
    "Yds/G":39,
    "TD":2,
    "Lng":"30",
    "1st":28,
    "1st%":40.6,
    "20+":3,
    "40+":0,
    "FUM":2
  },
  {
    "Player":"Derek Watt",
    "Team":"SD",
    "Pos":"FB",
    "Att":2,
    "Att/G":0.1,
    "Yds":4,
    "Avg":2,
    "Yds/G":0.2,
    "TD":0,
    "Lng":"2",
    "1st":2,
    "1st%":100,
    "20+":0,
    "40+":0,
    "FUM":0
  },
  {
    "Player":"J.J. Nelson",
    "Team":"ARI",
    "Pos":"WR",
    "Att":4,
    "Att/G":0.3,
    "Yds":83,
    "Avg":20.8,
    "Yds/G":5.5,
    "TD":1,
    "Lng":"56T",
    "1st":3,
    "1st%":75,
    "20+":1,
    "40+":1,
    "FUM":0
  },
  {
    "Player":"Bralon Addison",
    "Team":"CHI",
    "Pos":"WR",
    "Att":1,
    "Att/G":0.5,
    "Yds":4,
    "Avg":4,
    "Yds/G":2,
    "TD":0,
    "Lng":"4",
    "1st":0,
    "1st%":0,
    "20+":0,
    "40+":0,
    "FUM":0
  },
  {
    "Player":"Drew Stanton",
    "Team":"ARI",
    "Pos":"QB",
    "Att":3,
    "Att/G":0.6,
    "Yds":-3,
    "Avg":-1,
    "Yds/G":-0.6,
    "TD":0,
    "Lng":-1,
    "1st":0,
    "1st%":0,
    "20+":0,
    "40+":0,
    "FUM":0
  },
  {
    "Player":"Darren McFadden",
    "Team":"DAL",
    "Pos":"RB",
    "Att":24,
    "Att/G":8,
    "Yds":87,
    "Avg":3.6,
    "Yds/G":29,
    "TD":0,
    "Lng":"24",
    "1st":5,
    "1st%":20.8,
    "20+":1,
    "40+":0,
    "FUM":0
  },
  {
    "Player":"Doug Martin",
    "Team":"TB",
    "Pos":"RB",
    "Att":144,
    "Att/G":18,
    "Yds":"421",
    "Avg":2.9,
    "Yds/G":52.6,
    "TD":3,
    "Lng":"17",
    "1st":23,
    "1st%":16,
    "20+":0,
    "40+":0,
    "FUM":1
  },
  {
    "Player":"Ben Roethlisberger",
    "Team":"PIT",
    "Pos":"QB",
    "Att":16,
    "Att/G":1.1,
    "Yds":14,
    "Avg":0.9,
    "Yds/G":1,
    "TD":1,
    "Lng":"14",
    "1st":3,
    "1st%":18.8,
    "20+":0,
    "40+":0,
    "FUM":2
  },
  {
    "Player":"Ryan Mallett",
    "Team":"BAL",
    "Pos":"QB",
    "Att":5,
    "Att/G":1.2,
    "Yds":-6,
    "Avg":-1.2,
    "Yds/G":-1.5,
    "TD":0,
    "Lng":-1,
    "1st":0,
    "1st%":0,
    "20+":0,
    "40+":0,
    "FUM":0
  },
  {
    "Player":"Darrius Heyward-Bey",
    "Team":"PIT",
    "Pos":"WR",
    "Att":1,
    "Att/G":0.1,
    "Yds":60,
    "Avg":60,
    "Yds/G":6,
    "TD":1,
    "Lng":"60T",
    "1st":1,
    "1st%":100,
    "20+":1,
    "40+":1,
    "FUM":0
  },
  {
    "Player":"Kevin White",
    "Team":"CHI",
    "Pos":"WR",
    "Att":1,
    "Att/G":0.2,
    "Yds":9,
    "Avg":9,
    "Yds/G":2.2,
    "TD":0,
    "Lng":"9",
    "1st":0,
    "1st%":0,
    "20+":0,
    "40+":0,
    "FUM":0
  },
  {
    "Player":"Brandon Bolden",
    "Team":"NE",
    "Pos":"RB",
    "Att":1,
    "Att/G":0.1,
    "Yds":4,
    "Avg":4,
    "Yds/G":0.3,
    "TD":0,
    "Lng":"4",
    "1st":0,
    "1st%":0,
    "20+":0,
    "40+":0,
    "FUM":0
  },
  {
    "Player":"Jonathan Williams",
    "Team":"BUF",
    "Pos":"RB",
    "Att":27,
    "Att/G":2.5,
    "Yds":94,
    "Avg":3.5,
    "Yds/G":8.5,
    "TD":1,
    "Lng":"20",
    "1st":6,
    "1st%":22.2,
    "20+":1,
    "40+":0,
    "FUM":2
  },
  {
    "Player":"Amari Cooper",
    "Team":"OAK",
    "Pos":"WR",
    "Att":1,
    "Att/G":0.1,
    "Yds":0,
    "Avg":0,
    "Yds/G":0,
    "TD":0,
    "Lng":"0",
    "1st":0,
    "1st%":0,
    "20+":0,
    "40+":0,
    "FUM":0
  },
  {
    "Player":"DeAngelo Williams",
    "Team":"PIT",
    "Pos":"RB",
    "Att":98,
    "Att/G":10.9,
    "Yds":"343",
    "Avg":3.5,
    "Yds/G":38.1,
    "TD":4,
    "Lng":"17",
    "1st":20,
    "1st%":20.4,
    "20+":0,
    "40+":0,
    "FUM":0
  },
  {
    "Player":"Lac Edwards",
    "Team":"NYJ",
    "Pos":"P",
    "Att":1,
    "Att/G":0.1,
    "Yds":0,
    "Avg":0,
    "Yds/G":0,
    "TD":0,
    "Lng":"0",
    "1st":0,
    "1st%":0,
    "20+":0,
    "40+":0,
    "FUM":1
  },
  {
    "Player":"Kellen Clemens",
    "Team":"SD",
    "Pos":"QB",
    "Att":2,
    "Att/G":0.2,
    "Yds":-1,
    "Avg":-0.5,
    "Yds/G":-0.1,
    "TD":0,
    "Lng":"0",
    "1st":0,
    "1st%":0,
    "20+":0,
    "40+":0,
    "FUM":0
  },
  {
    "Player":"Andy Janovich",
    "Team":"DEN",
    "Pos":"FB",
    "Att":4,
    "Att/G":0.4,
    "Yds":33,
    "Avg":8.3,
    "Yds/G":3,
    "TD":1,
    "Lng":"28T",
    "1st":2,
    "1st%":50,
    "20+":1,
    "40+":0,
    "FUM":0
  },
  {
    "Player":"Carlos Hyde",
    "Team":"SF",
    "Pos":"RB",
    "Att":217,
    "Att/G":16.7,
    "Yds":"988",
    "Avg":4.6,
    "Yds/G":76,
    "TD":6,
    "Lng":"47",
    "1st":48,
    "1st%":22.1,
    "20+":7,
    "40+":2,
    "FUM":4
  },
  {
    "Player":"Emmanuel Sanders",
    "Team":"DEN",
    "Pos":"WR",
    "Att":1,
    "Att/G":0.1,
    "Yds":4,
    "Avg":4,
    "Yds/G":0.2,
    "TD":0,
    "Lng":"4",
    "1st":0,
    "1st%":0,
    "20+":0,
    "40+":0,
    "FUM":0
  },
  {
    "Player":"Dexter McCluster",
    "Team":"SD",
    "Pos":"WR",
    "Att":3,
    "Att/G":0.5,
    "Yds":2,
    "Avg":0.7,
    "Yds/G":0.3,
    "TD":0,
    "Lng":"2",
    "1st":0,
    "1st%":0,
    "20+":0,
    "40+":0,
    "FUM":0
  },
  {
    "Player":"Kirk Cousins",
    "Team":"WAS",
    "Pos":"QB",
    "Att":34,
    "Att/G":2.1,
    "Yds":96,
    "Avg":2.8,
    "Yds/G":6,
    "TD":4,
    "Lng":"19T",
    "1st":14,
    "1st%":41.2,
    "20+":0,
    "40+":0,
    "FUM":3
  },
  {
    "Player":"Matthew Slater",
    "Team":"NE",
    "Pos":"WR",
    "Att":1,
    "Att/G":0.1,
    "Yds":5,
    "Avg":5,
    "Yds/G":0.4,
    "TD":0,
    "Lng":"5",
    "1st":1,
    "1st%":100,
    "20+":0,
    "40+":0,
    "FUM":0
  },
  {
    "Player":"Ryan Mathews",
    "Team":"PHI",
    "Pos":"RB",
    "Att":155,
    "Att/G":11.9,
    "Yds":"661",
    "Avg":4.3,
    "Yds/G":50.8,
    "TD":8,
    "Lng":"30",
    "1st":38,
    "1st%":24.5,
    "20+":6,
    "40+":0,
    "FUM":3
  },
  {
    "Player":"Shane Vereen",
    "Team":"NYG",
    "Pos":"RB",
    "Att":33,
    "Att/G":6.6,
    "Yds":158,
    "Avg":4.8,
    "Yds/G":31.6,
    "TD":1,
    "Lng":"25",
    "1st":8,
    "1st%":24.2,
    "20+":1,
    "40+":0,
    "FUM":1
  },
  {
    "Player":"Alfred Blue",
    "Team":"HOU",
    "Pos":"RB",
    "Att":100,
    "Att/G":7.1,
    "Yds":420,
    "Avg":4.2,
    "Yds/G":30,
    "TD":1,
    "Lng":"25",
    "1st":23,
    "1st%":23,
    "20+":2,
    "40+":0,
    "FUM":2
  },
  {
    "Player":"Taiwan Jones",
    "Team":"OAK",
    "Pos":"RB",
    "Att":1,
    "Att/G":0.1,
    "Yds":-8,
    "Avg":-8,
    "Yds/G":-0.6,
    "TD":0,
    "Lng":-8,
    "1st":0,
    "1st%":0,
    "20+":0,
    "40+":0,
    "FUM":0
  },
  {
    "Player":"Duke Johnson",
    "Team":"CLE",
    "Pos":"RB",
    "Att":73,
    "Att/G":4.6,
    "Yds":358,
    "Avg":4.9,
    "Yds/G":22.4,
    "TD":1,
    "Lng":"22",
    "1st":17,
    "1st%":23.3,
    "20+":2,
    "40+":0,
    "FUM":1
  },
  {
    "Player":"T.J. Yeldon",
    "Team":"JAX",
    "Pos":"RB",
    "Att":130,
    "Att/G":8.7,
    "Yds":465,
    "Avg":3.6,
    "Yds/G":31,
    "TD":1,
    "Lng":"16",
    "1st":21,
    "1st%":16.2,
    "20+":0,
    "40+":0,
    "FUM":2
  },
  {
    "Player":"Jalston Fowler",
    "Team":"TEN",
    "Pos":"FB",
    "Att":1,
    "Att/G":0.1,
    "Yds":3,
    "Avg":3,
    "Yds/G":0.2,
    "TD":0,
    "Lng":"3",
    "1st":0,
    "1st%":0,
    "20+":0,
    "40+":0,
    "FUM":0
  },
  {
    "Player":"Troymaine Pope",
    "Team":"SEA",
    "Pos":"RB",
    "Att":11,
    "Att/G":3.7,
    "Yds":43,
    "Avg":3.9,
    "Yds/G":14.3,
    "TD":0,
    "Lng":"18",
    "1st":3,
    "1st%":27.3,
    "20+":0,
    "40+":0,
    "FUM":0
  },
  {
    "Player":"Melvin Gordon",
    "Team":"SD",
    "Pos":"RB",
    "Att":254,
    "Att/G":19.5,
    "Yds":"997",
    "Avg":3.9,
    "Yds/G":76.7,
    "TD":10,
    "Lng":"48",
    "1st":61,
    "1st%":24,
    "20+":7,
    "40+":3,
    "FUM":2
  },
  {
    "Player":"Matt Ryan",
    "Team":"ATL",
    "Pos":"QB",
    "Att":35,
    "Att/G":2.2,
    "Yds":117,
    "Avg":3.3,
    "Yds/G":7.3,
    "TD":0,
    "Lng":"18",
    "1st":13,
    "1st%":37.1,
    "20+":0,
    "40+":0,
    "FUM":1
  },
  {
    "Player":"Matt Barkley",
    "Team":"CHI",
    "Pos":"QB",
    "Att":7,
    "Att/G":1,
    "Yds":2,
    "Avg":0.3,
    "Yds/G":0.3,
    "TD":0,
    "Lng":"5",
    "1st":0,
    "1st%":0,
    "20+":0,
    "40+":0,
    "FUM":2
  },
  {
    "Player":"Terrelle Pryor",
    "Team":"CLE",
    "Pos":"WR",
    "Att":8,
    "Att/G":0.5,
    "Yds":21,
    "Avg":2.6,
    "Yds/G":1.3,
    "TD":1,
    "Lng":"15",
    "1st":2,
    "1st%":25,
    "20+":0,
    "40+":0,
    "FUM":1
  },
  {
    "Player":"Brandon Burks",
    "Team":"NYJ",
    "Pos":"RB",
    "Att":2,
    "Att/G":2,
    "Yds":-4,
    "Avg":-2,
    "Yds/G":-4,
    "TD":0,
    "Lng":1,
    "1st":0,
    "1st%":0,
    "20+":0,
    "40+":0,
    "FUM":0
  },
  {
    "Player":"Geno Smith",
    "Team":"NYJ",
    "Pos":"QB",
    "Att":2,
    "Att/G":1,
    "Yds":9,
    "Avg":4.5,
    "Yds/G":4.5,
    "TD":0,
    "Lng":"7",
    "1st":1,
    "1st%":50,
    "20+":0,
    "40+":0,
    "FUM":0
  },
  {
    "Player":"Ronnie Hillman",
    "Team":"SD",
    "Pos":"RB",
    "Att":23,
    "Att/G":7.7,
    "Yds":81,
    "Avg":3.5,
    "Yds/G":27,
    "TD":0,
    "Lng":"17",
    "1st":3,
    "1st%":13,
    "20+":0,
    "40+":0,
    "FUM":0
  },
  {
    "Player":"Michael Campanaro",
    "Team":"BAL",
    "Pos":"WR",
    "Att":3,
    "Att/G":1,
    "Yds":72,
    "Avg":24,
    "Yds/G":24,
    "TD":0,
    "Lng":"39",
    "1st":3,
    "1st%":100,
    "20+":2,
    "40+":0,
    "FUM":0
  },
  {
    "Player":"Tavon Austin",
    "Team":"LA",
    "Pos":"WR",
    "Att":28,
    "Att/G":1.9,
    "Yds":159,
    "Avg":5.7,
    "Yds/G":10.6,
    "TD":1,
    "Lng":"30T",
    "1st":7,
    "1st%":25,
    "20+":2,
    "40+":0,
    "FUM":1
  },
  {
    "Player":"Fitzgerald Toussaint",
    "Team":"PIT",
    "Pos":"RB",
    "Att":14,
    "Att/G":0.9,
    "Yds":58,
    "Avg":4.1,
    "Yds/G":3.6,
    "TD":0,
    "Lng":"16",
    "1st":2,
    "1st%":14.3,
    "20+":0,
    "40+":0,
    "FUM":0
  },
  {
    "Player":"Jeremy Maclin",
    "Team":"KC",
    "Pos":"WR",
    "Att":1,
    "Att/G":0.1,
    "Yds":-1,
    "Avg":-1,
    "Yds/G":-0.1,
    "TD":0,
    "Lng":"-1",
    "1st":0,
    "1st%":0,
    "20+":0,
    "40+":0,
    "FUM":0
  },
  {
    "Player":"Jamison Crowder",
    "Team":"WAS",
    "Pos":"WR",
    "Att":2,
    "Att/G":0.1,
    "Yds":-2,
    "Avg":-1,
    "Yds/G":-0.1,
    "TD":0,
    "Lng":7,
    "1st":1,
    "1st%":50,
    "20+":0,
    "40+":0,
    "FUM":0
  },
  {
    "Player":"De'Anthony Thomas",
    "Team":"KC",
    "Pos":"WR",
    "Att":4,
    "Att/G":0.3,
    "Yds":29,
    "Avg":7.3,
    "Yds/G":2.4,
    "TD":0,
    "Lng":"23",
    "1st":1,
    "1st%":25,
    "20+":1,
    "40+":0,
    "FUM":0
  },
  {
    "Player":"Marvin Jones",
    "Team":"DET",
    "Pos":"WR",
    "Att":1,
    "Att/G":0.1,
    "Yds":3,
    "Avg":3,
    "Yds/G":0.2,
    "TD":0,
    "Lng":"3",
    "1st":0,
    "1st%":0,
    "20+":0,
    "40+":0,
    "FUM":0
  },
  {
    "Player":"Wendell Smallwood",
    "Team":"PHI",
    "Pos":"RB",
    "Att":77,
    "Att/G":5.9,
    "Yds":312,
    "Avg":4.1,
    "Yds/G":24,
    "TD":1,
    "Lng":"19",
    "1st":20,
    "1st%":26,
    "20+":0,
    "40+":0,
    "FUM":1
  },
  {
    "Player":"Ryan Fitzpatrick",
    "Team":"NYJ",
    "Pos":"QB",
    "Att":33,
    "Att/G":2.4,
    "Yds":130,
    "Avg":3.9,
    "Yds/G":9.3,
    "TD":0,
    "Lng":"14",
    "1st":7,
    "1st%":21.2,
    "20+":0,
    "40+":0,
    "FUM":3
  },
  {
    "Player":"Matt Darr",
    "Team":"MIA",
    "Pos":"P",
    "Att":1,
    "Att/G":0.1,
    "Yds":0,
    "Avg":0,
    "Yds/G":0,
    "TD":0,
    "Lng":"0",
    "1st":0,
    "1st%":0,
    "20+":0,
    "40+":0,
    "FUM":2
  },
  {
    "Player":"George Atkinson",
    "Team":"CLE",
    "Pos":"RB",
    "Att":7,
    "Att/G":0.4,
    "Yds":34,
    "Avg":4.9,
    "Yds/G":2.1,
    "TD":1,
    "Lng":"11",
    "1st":3,
    "1st%":42.9,
    "20+":0,
    "40+":0,
    "FUM":0
  },
  {
    "Player":"Brandin Cooks",
    "Team":"NO",
    "Pos":"WR",
    "Att":6,
    "Att/G":0.4,
    "Yds":30,
    "Avg":5,
    "Yds/G":1.9,
    "TD":0,
    "Lng":"11",
    "1st":1,
    "1st%":16.7,
    "20+":0,
    "40+":0,
    "FUM":0
  },
  {
    "Player":"Chris Jones",
    "Team":"DAL",
    "Pos":"P",
    "Att":1,
    "Att/G":0.1,
    "Yds":30,
    "Avg":30,
    "Yds/G":1.9,
    "TD":0,
    "Lng":"30",
    "1st":1,
    "1st%":100,
    "20+":1,
    "40+":0,
    "FUM":0
  },
  {
    "Player":"Jerick McKinnon",
    "Team":"MIN",
    "Pos":"RB",
    "Att":159,
    "Att/G":10.6,
    "Yds":"539",
    "Avg":3.4,
    "Yds/G":35.9,
    "TD":2,
    "Lng":"36",
    "1st":21,
    "1st%":13.2,
    "20+":2,
    "40+":0,
    "FUM":0
  },
  {
    "Player":"Paul Richardson",
    "Team":"SEA",
    "Pos":"WR",
    "Att":1,
    "Att/G":0.1,
    "Yds":5,
    "Avg":5,
    "Yds/G":0.3,
    "TD":0,
    "Lng":"5",
    "1st":1,
    "1st%":100,
    "20+":0,
    "40+":0,
    "FUM":0
  },
  {
    "Player":"Shane Wynn",
    "Team":"JAX",
    "Pos":"WR",
    "Att":2,
    "Att/G":0.4,
    "Yds":5,
    "Avg":2.5,
    "Yds/G":1,
    "TD":0,
    "Lng":"7",
    "1st":0,
    "1st%":0,
    "20+":0,
    "40+":0,
    "FUM":0
  },
  {
    "Player":"Bilal Powell",
    "Team":"NYJ",
    "Pos":"RB",
    "Att":131,
    "Att/G":8.2,
    "Yds":"722",
    "Avg":5.5,
    "Yds/G":45.1,
    "TD":3,
    "Lng":"35T",
    "1st":45,
    "1st%":34.4,
    "20+":4,
    "40+":0,
    "FUM":0
  },
  {
    "Player":"Jordan Howard",
    "Team":"CHI",
    "Pos":"RB",
    "Att":252,
    "Att/G":16.8,
    "Yds":"1,313",
    "Avg":5.2,
    "Yds/G":87.5,
    "TD":6,
    "Lng":"69",
    "1st":70,
    "1st%":27.8,
    "20+":10,
    "40+":2,
    "FUM":1
  },
  {
    "Player":"Darren Sproles",
    "Team":"PHI",
    "Pos":"RB",
    "Att":94,
    "Att/G":6.3,
    "Yds":438,
    "Avg":4.7,
    "Yds/G":29.2,
    "TD":2,
    "Lng":"25T",
    "1st":22,
    "1st%":23.4,
    "20+":1,
    "40+":0,
    "FUM":0
  },
  {
    "Player":"Joe Kerridge",
    "Team":"GB",
    "Pos":"RB",
    "Att":1,
    "Att/G":0.1,
    "Yds":0,
    "Avg":0,
    "Yds/G":0,
    "TD":0,
    "Lng":"0",
    "1st":0,
    "1st%":0,
    "20+":0,
    "40+":0,
    "FUM":0
  },
  {
    "Player":"Russell Shepard",
    "Team":"TB",
    "Pos":"WR",
    "Att":1,
    "Att/G":0.1,
    "Yds":9,
    "Avg":9,
    "Yds/G":0.6,
    "TD":0,
    "Lng":"9",
    "1st":0,
    "1st%":0,
    "20+":0,
    "40+":0,
    "FUM":0
  },
  {
    "Player":"Jameis Winston",
    "Team":"TB",
    "Pos":"QB",
    "Att":53,
    "Att/G":3.3,
    "Yds":165,
    "Avg":3.1,
    "Yds/G":10.3,
    "TD":1,
    "Lng":"14",
    "1st":10,
    "1st%":18.9,
    "20+":0,
    "40+":0,
    "FUM":4
  },
  {
    "Player":"Spencer Ware",
    "Team":"KC",
    "Pos":"RB",
    "Att":214,
    "Att/G":15.3,
    "Yds":"921",
    "Avg":4.3,
    "Yds/G":65.8,
    "TD":3,
    "Lng":"46",
    "1st":47,
    "1st%":22,
    "20+":3,
    "40+":2,
    "FUM":3
  },
  {
    "Player":"Cedric Peerman",
    "Team":"CIN",
    "Pos":"RB",
    "Att":6,
    "Att/G":1,
    "Yds":15,
    "Avg":2.5,
    "Yds/G":2.5,
    "TD":0,
    "Lng":"4",
    "1st":0,
    "1st%":0,
    "20+":0,
    "40+":0,
    "FUM":0
  },
  {
    "Player":"Jacoby Brissett",
    "Team":"NE",
    "Pos":"QB",
    "Att":16,
    "Att/G":5.3,
    "Yds":83,
    "Avg":5.2,
    "Yds/G":27.7,
    "TD":1,
    "Lng":"27T",
    "1st":5,
    "1st%":31.3,
    "20+":1,
    "40+":0,
    "FUM":2
  },
  {
    "Player":"Bradley Marquez",
    "Team":"LA",
    "Pos":"WR",
    "Att":1,
    "Att/G":0.1,
    "Yds":2,
    "Avg":2,
    "Yds/G":0.1,
    "TD":0,
    "Lng":"2",
    "1st":0,
    "1st%":0,
    "20+":0,
    "40+":0,
    "FUM":0
  },
  {
    "Player":"Travaris Cadet",
    "Team":"NO",
    "Pos":"RB",
    "Att":4,
    "Att/G":0.3,
    "Yds":19,
    "Avg":4.8,
    "Yds/G":1.3,
    "TD":0,
    "Lng":"16",
    "1st":1,
    "1st%":25,
    "20+":0,
    "40+":0,
    "FUM":0
  },
  {
    "Player":"Jordan Norwood",
    "Team":"DEN",
    "Pos":"WR",
    "Att":1,
    "Att/G":0.1,
    "Yds":0,
    "Avg":0,
    "Yds/G":0,
    "TD":0,
    "Lng":"0",
    "1st":0,
    "1st%":0,
    "20+":0,
    "40+":0,
    "FUM":0
  },
  {
    "Player":"Jalen Richard",
    "Team":"OAK",
    "Pos":"RB",
    "Att":83,
    "Att/G":5.2,
    "Yds":491,
    "Avg":5.9,
    "Yds/G":30.7,
    "TD":1,
    "Lng":"75T",
    "1st":14,
    "1st%":16.9,
    "20+":5,
    "40+":1,
    "FUM":0
  },
  {
    "Player":"Latavius Murray",
    "Team":"OAK",
    "Pos":"RB",
    "Att":195,
    "Att/G":13.9,
    "Yds":"788",
    "Avg":4,
    "Yds/G":56.3,
    "TD":12,
    "Lng":"42",
    "1st":52,
    "1st%":26.7,
    "20+":5,
    "40+":1,
    "FUM":2
  },
  {
    "Player":"Quan Bray",
    "Team":"IND",
    "Pos":"WR",
    "Att":1,
    "Att/G":0.2,
    "Yds":7,
    "Avg":7,
    "Yds/G":1.2,
    "TD":0,
    "Lng":"7",
    "1st":0,
    "1st%":0,
    "20+":0,
    "40+":0,
    "FUM":0
  },
  {
    "Player":"Lamar Miller",
    "Team":"HOU",
    "Pos":"RB",
    "Att":268,
    "Att/G":19.1,
    "Yds":"1,073",
    "Avg":4,
    "Yds/G":76.6,
    "TD":5,
    "Lng":"45",
    "1st":52,
    "1st%":19.4,
    "20+":7,
    "40+":1,
    "FUM":2
  },
  {
    "Player":"Kerwynn Williams",
    "Team":"ARI",
    "Pos":"RB",
    "Att":18,
    "Att/G":1.8,
    "Yds":157,
    "Avg":8.7,
    "Yds/G":15.7,
    "TD":2,
    "Lng":"49T",
    "1st":8,
    "1st%":44.4,
    "20+":3,
    "40+":1,
    "FUM":0
  },
  {
    "Player":"DeAndre Washington",
    "Team":"OAK",
    "Pos":"RB",
    "Att":87,
    "Att/G":6.2,
    "Yds":467,
    "Avg":5.4,
    "Yds/G":33.4,
    "TD":2,
    "Lng":"30",
    "1st":19,
    "1st%":21.8,
    "20+":7,
    "40+":0,
    "FUM":1
  },
  {
    "Player":"Mohamed Sanu",
    "Team":"ATL",
    "Pos":"WR",
    "Att":1,
    "Att/G":0.1,
    "Yds":5,
    "Avg":5,
    "Yds/G":0.3,
    "TD":0,
    "Lng":"5",
    "1st":0,
    "1st%":0,
    "20+":0,
    "40+":0,
    "FUM":0
  },
  {
    "Player":"Stevan Ridley",
    "Team":"ATL",
    "Pos":"RB",
    "Att":3,
    "Att/G":3,
    "Yds":7,
    "Avg":2.3,
    "Yds/G":7,
    "TD":0,
    "Lng":"7",
    "1st":1,
    "1st%":33.3,
    "20+":0,
    "40+":0,
    "FUM":0
  },
  {
    "Player":"Kapri Bibbs",
    "Team":"DEN",
    "Pos":"RB",
    "Att":29,
    "Att/G":2.4,
    "Yds":129,
    "Avg":4.4,
    "Yds/G":10.8,
    "TD":0,
    "Lng":"24",
    "1st":7,
    "1st%":24.1,
    "20+":1,
    "40+":0,
    "FUM":0
  },
  {
    "Player":"Stefon Diggs",
    "Team":"MIN",
    "Pos":"WR",
    "Att":3,
    "Att/G":0.2,
    "Yds":10,
    "Avg":3.3,
    "Yds/G":0.8,
    "TD":0,
    "Lng":"12",
    "1st":1,
    "1st%":33.3,
    "20+":0,
    "40+":0,
    "FUM":0
  },
  {
    "Player":"Brock Osweiler",
    "Team":"HOU",
    "Pos":"QB",
    "Att":30,
    "Att/G":2,
    "Yds":131,
    "Avg":4.4,
    "Yds/G":8.7,
    "TD":2,
    "Lng":"21",
    "1st":13,
    "1st%":43.3,
    "20+":1,
    "40+":0,
    "FUM":2
  },
  {
    "Player":"Isaiah Pead",
    "Team":"MIA",
    "Pos":"RB",
    "Att":8,
    "Att/G":2.7,
    "Yds":22,
    "Avg":2.8,
    "Yds/G":7.3,
    "TD":0,
    "Lng":"4",
    "1st":0,
    "1st%":0,
    "20+":0,
    "40+":0,
    "FUM":0
  },
  {
    "Player":"Andy Dalton",
    "Team":"CIN",
    "Pos":"QB",
    "Att":46,
    "Att/G":2.9,
    "Yds":184,
    "Avg":4,
    "Yds/G":11.5,
    "TD":4,
    "Lng":"15",
    "1st":17,
    "1st%":37,
    "20+":0,
    "40+":0,
    "FUM":5
  },
  {
    "Player":"Delanie Walker",
    "Team":"TEN",
    "Pos":"TE",
    "Att":2,
    "Att/G":0.1,
    "Yds":11,
    "Avg":5.5,
    "Yds/G":0.7,
    "TD":0,
    "Lng":"8",
    "1st":1,
    "1st%":50,
    "20+":0,
    "40+":0,
    "FUM":0
  },
  {
    "Player":"Tom Savage",
    "Team":"HOU",
    "Pos":"QB",
    "Att":6,
    "Att/G":2,
    "Yds":12,
    "Avg":2,
    "Yds/G":4,
    "TD":0,
    "Lng":"11",
    "1st":2,
    "1st%":33.3,
    "20+":0,
    "40+":0,
    "FUM":0
  },
  {
    "Player":"D.J. Foster",
    "Team":"NE",
    "Pos":"RB",
    "Att":7,
    "Att/G":2.3,
    "Yds":24,
    "Avg":3.4,
    "Yds/G":8,
    "TD":0,
    "Lng":"7",
    "1st":0,
    "1st%":0,
    "20+":0,
    "40+":0,
    "FUM":0
  },
  {
    "Player":"Zach Zenner",
    "Team":"DET",
    "Pos":"FB",
    "Att":88,
    "Att/G":6.3,
    "Yds":334,
    "Avg":3.8,
    "Yds/G":23.9,
    "TD":4,
    "Lng":"20",
    "1st":22,
    "1st%":25,
    "20+":1,
    "40+":0,
    "FUM":1
  },
  {
    "Player":"Julian Edelman",
    "Team":"NE",
    "Pos":"WR",
    "Att":12,
    "Att/G":0.8,
    "Yds":57,
    "Avg":4.8,
    "Yds/G":3.6,
    "TD":0,
    "Lng":"9",
    "1st":3,
    "1st%":25,
    "20+":0,
    "40+":0,
    "FUM":1
  },
  {
    "Player":"Corey Coleman",
    "Team":"CLE",
    "Pos":"WR",
    "Att":2,
    "Att/G":0.2,
    "Yds":10,
    "Avg":5,
    "Yds/G":1,
    "TD":0,
    "Lng":"9",
    "1st":0,
    "1st%":0,
    "20+":0,
    "40+":0,
    "FUM":0
  },
  {
    "Player":"Albert Wilson",
    "Team":"KC",
    "Pos":"WR",
    "Att":2,
    "Att/G":0.1,
    "Yds":50,
    "Avg":25,
    "Yds/G":3.1,
    "TD":1,
    "Lng":"55T",
    "1st":1,
    "1st%":50,
    "20+":1,
    "40+":1,
    "FUM":0
  },
  {
    "Player":"Nelson Agholor",
    "Team":"PHI",
    "Pos":"WR",
    "Att":5,
    "Att/G":0.3,
    "Yds":14,
    "Avg":2.8,
    "Yds/G":0.9,
    "TD":0,
    "Lng":"5",
    "1st":0,
    "1st%":0,
    "20+":0,
    "40+":0,
    "FUM":0
  },
  {
    "Player":"Brandon McManus",
    "Team":"DEN",
    "Pos":"K",
    "Att":1,
    "Att/G":0.1,
    "Yds":6,
    "Avg":6,
    "Yds/G":0.4,
    "TD":0,
    "Lng":"6",
    "1st":0,
    "1st%":0,
    "20+":0,
    "40+":0,
    "FUM":0
  },
  {
    "Player":"Mike Gillislee",
    "Team":"BUF",
    "Pos":"RB",
    "Att":101,
    "Att/G":6.7,
    "Yds":"577",
    "Avg":5.7,
    "Yds/G":38.5,
    "TD":8,
    "Lng":"44T",
    "1st":39,
    "1st%":38.6,
    "20+":7,
    "40+":1,
    "FUM":0
  },
  {
    "Player":"Sean Mannion",
    "Team":"LA",
    "Pos":"QB",
    "Att":1,
    "Att/G":1,
    "Yds":-1,
    "Avg":-1,
    "Yds/G":-1,
    "TD":0,
    "Lng":-1,
    "1st":0,
    "1st%":0,
    "20+":0,
    "40+":0,
    "FUM":1
  },
  {
    "Player":"Knile Davis",
    "Team":"KC",
    "Pos":"RB",
    "Att":13,
    "Att/G":1.4,
    "Yds":23,
    "Avg":1.8,
    "Yds/G":2.6,
    "TD":0,
    "Lng":"6",
    "1st":0,
    "1st%":0,
    "20+":0,
    "40+":0,
    "FUM":0
  },
  {
    "Player":"Charcandrick West",
    "Team":"KC",
    "Pos":"RB",
    "Att":88,
    "Att/G":5.9,
    "Yds":293,
    "Avg":3.3,
    "Yds/G":19.5,
    "TD":1,
    "Lng":"28",
    "1st":14,
    "1st%":15.9,
    "20+":2,
    "40+":0,
    "FUM":0
  },
  {
    "Player":"David Johnson",
    "Team":"ARI",
    "Pos":"RB",
    "Att":293,
    "Att/G":18.3,
    "Yds":"1,239",
    "Avg":4.2,
    "Yds/G":77.4,
    "TD":16,
    "Lng":"58T",
    "1st":72,
    "1st%":24.6,
    "20+":6,
    "40+":2,
    "FUM":5
  },
  {
    "Player":"Justin Forsett",
    "Team":"DEN",
    "Pos":"RB",
    "Att":43,
    "Att/G":10.8,
    "Yds":"155",
    "Avg":3.6,
    "Yds/G":38.8,
    "TD":1,
    "Lng":"64",
    "1st":6,
    "1st%":14,
    "20+":1,
    "40+":1,
    "FUM":2
  },
  {
    "Player":"Pat McAfee",
    "Team":"IND",
    "Pos":"P",
    "Att":1,
    "Att/G":0.1,
    "Yds":0,
    "Avg":0,
    "Yds/G":0,
    "TD":0,
    "Lng":"0",
    "1st":0,
    "1st%":0,
    "20+":0,
    "40+":0,
    "FUM":0
  },
  {
    "Player":"Kenneth Dixon",
    "Team":"BAL",
    "Pos":"RB",
    "Att":88,
    "Att/G":7.3,
    "Yds":382,
    "Avg":4.3,
    "Yds/G":31.8,
    "TD":2,
    "Lng":"20",
    "1st":26,
    "1st%":29.5,
    "20+":1,
    "40+":0,
    "FUM":1
  },
  {
    "Player":"Shaun Draughn",
    "Team":"SF",
    "Pos":"RB",
    "Att":74,
    "Att/G":4.6,
    "Yds":196,
    "Avg":2.6,
    "Yds/G":12.2,
    "TD":4,
    "Lng":"18",
    "1st":15,
    "1st%":20.3,
    "20+":0,
    "40+":0,
    "FUM":0
  },
  {
    "Player":"Martellus Bennett",
    "Team":"NE",
    "Pos":"TE",
    "Att":2,
    "Att/G":0.1,
    "Yds":10,
    "Avg":5,
    "Yds/G":0.6,
    "TD":0,
    "Lng":"6",
    "1st":0,
    "1st%":0,
    "20+":0,
    "40+":0,
    "FUM":0
  },
  {
    "Player":"DeMarco Murray",
    "Team":"TEN",
    "Pos":"RB",
    "Att":293,
    "Att/G":18.3,
    "Yds":"1,287",
    "Avg":4.4,
    "Yds/G":80.4,
    "TD":9,
    "Lng":"75T",
    "1st":64,
    "1st%":21.8,
    "20+":4,
    "40+":2,
    "FUM":3
  },
  {
    "Player":"Case Keenum",
    "Team":"LA",
    "Pos":"QB",
    "Att":20,
    "Att/G":2,
    "Yds":51,
    "Avg":2.6,
    "Yds/G":5.1,
    "TD":1,
    "Lng":"13",
    "1st":7,
    "1st%":35,
    "20+":0,
    "40+":0,
    "FUM":0
  },
  {
    "Player":"Donte Moncrief",
    "Team":"IND",
    "Pos":"WR",
    "Att":1,
    "Att/G":0.1,
    "Yds":-1,
    "Avg":-1,
    "Yds/G":-0.1,
    "TD":0,
    "Lng":"-1",
    "1st":0,
    "1st%":0,
    "20+":0,
    "40+":0,
    "FUM":0
  },
  {
    "Player":"Charles Sims",
    "Team":"TB",
    "Pos":"RB",
    "Att":51,
    "Att/G":7.3,
    "Yds":149,
    "Avg":2.9,
    "Yds/G":21.3,
    "TD":1,
    "Lng":"23",
    "1st":6,
    "1st%":11.8,
    "20+":1,
    "40+":0,
    "FUM":1
  },
  {
    "Player":"Phillip Dorsett",
    "Team":"IND",
    "Pos":"WR",
    "Att":2,
    "Att/G":0.1,
    "Yds":10,
    "Avg":5,
    "Yds/G":0.7,
    "TD":0,
    "Lng":"7",
    "1st":0,
    "1st%":0,
    "20+":0,
    "40+":0,
    "FUM":0
  },
  {
    "Player":"Andre Ellington",
    "Team":"ARI",
    "Pos":"RB",
    "Att":34,
    "Att/G":2.1,
    "Yds":96,
    "Avg":2.8,
    "Yds/G":6,
    "TD":0,
    "Lng":"13",
    "1st":4,
    "1st%":11.8,
    "20+":0,
    "40+":0,
    "FUM":0
  },
  {
    "Player":"Bryce Treggs",
    "Team":"PHI",
    "Pos":"WR",
    "Att":2,
    "Att/G":0.2,
    "Yds":7,
    "Avg":3.5,
    "Yds/G":0.8,
    "TD":0,
    "Lng":"4",
    "1st":2,
    "1st%":100,
    "20+":0,
    "40+":0,
    "FUM":0
  },
  {
    "Player":"Trevor Siemian",
    "Team":"DEN",
    "Pos":"QB",
    "Att":28,
    "Att/G":2,
    "Yds":57,
    "Avg":2,
    "Yds/G":4.1,
    "TD":0,
    "Lng":"14",
    "1st":6,
    "1st%":21.4,
    "20+":0,
    "40+":0,
    "FUM":1
  },
  {
    "Player":"Daniel Lasco",
    "Team":"NO",
    "Pos":"RB",
    "Att":11,
    "Att/G":1.6,
    "Yds":32,
    "Avg":2.9,
    "Yds/G":4.6,
    "TD":0,
    "Lng":"6",
    "1st":1,
    "1st%":9.1,
    "20+":0,
    "40+":0,
    "FUM":0
  },
  {
    "Player":"Raheem Mostert",
    "Team":"SF",
    "Pos":"RB",
    "Att":1,
    "Att/G":1,
    "Yds":6,
    "Avg":6,
    "Yds/G":6,
    "TD":0,
    "Lng":"6",
    "1st":0,
    "1st%":0,
    "20+":0,
    "40+":0,
    "FUM":0
  },
  {
    "Player":"Jeff Janis",
    "Team":"GB",
    "Pos":"WR",
    "Att":2,
    "Att/G":0.1,
    "Yds":38,
    "Avg":19,
    "Yds/G":2.4,
    "TD":1,
    "Lng":"19T",
    "1st":2,
    "1st%":100,
    "20+":0,
    "40+":0,
    "FUM":0
  },
  {
    "Player":"Chris Prosinski",
    "Team":"CHI",
    "Pos":"SS",
    "Att":1,
    "Att/G":0.1,
    "Yds":2,
    "Avg":2,
    "Yds/G":0.1,
    "TD":0,
    "Lng":"2",
    "1st":1,
    "1st%":100,
    "20+":0,
    "40+":0,
    "FUM":0
  },
  {
    "Player":"James White",
    "Team":"NE",
    "Pos":"RB",
    "Att":39,
    "Att/G":2.4,
    "Yds":166,
    "Avg":4.3,
    "Yds/G":10.4,
    "TD":0,
    "Lng":"16",
    "1st":8,
    "1st%":20.5,
    "20+":0,
    "40+":0,
    "FUM":0
  },
  {
    "Player":"Mack Brown",
    "Team":"WAS",
    "Pos":"RB",
    "Att":8,
    "Att/G":0.9,
    "Yds":82,
    "Avg":10.3,
    "Yds/G":9.1,
    "TD":1,
    "Lng":"61T",
    "1st":1,
    "1st%":12.5,
    "20+":1,
    "40+":1,
    "FUM":0
  },
  {
    "Player":"David Fales",
    "Team":"CHI",
    "Pos":"QB",
    "Att":1,
    "Att/G":1,
    "Yds":0,
    "Avg":0,
    "Yds/G":0,
    "TD":0,
    "Lng":"0",
    "1st":0,
    "1st%":0,
    "20+":0,
    "40+":0,
    "FUM":1
  },
  {
    "Player":"Devontae Booker",
    "Team":"DEN",
    "Pos":"RB",
    "Att":174,
    "Att/G":10.9,
    "Yds":"612",
    "Avg":3.5,
    "Yds/G":38.2,
    "TD":4,
    "Lng":"18",
    "1st":30,
    "1st%":17.2,
    "20+":0,
    "40+":0,
    "FUM":2
  },
  {
    "Player":"Orleans Darkwa",
    "Team":"NYG",
    "Pos":"RB",
    "Att":30,
    "Att/G":3,
    "Yds":111,
    "Avg":3.7,
    "Yds/G":11.1,
    "TD":2,
    "Lng":"17",
    "1st":7,
    "1st%":23.3,
    "20+":0,
    "40+":0,
    "FUM":0
  },
  {
    "Player":"Marc Mariani",
    "Team":"TEN",
    "Pos":"WR",
    "Att":1,
    "Att/G":0.1,
    "Yds":15,
    "Avg":15,
    "Yds/G":0.9,
    "TD":0,
    "Lng":"15",
    "1st":1,
    "1st%":100,
    "20+":0,
    "40+":0,
    "FUM":0
  },
  {
    "Player":"C.J. Spiller",
    "Team":"NYJ",
    "Pos":"RB",
    "Att":3,
    "Att/G":0.8,
    "Yds":9,
    "Avg":3,
    "Yds/G":2.2,
    "TD":0,
    "Lng":"4",
    "1st":2,
    "1st%":66.7,
    "20+":0,
    "40+":0,
    "FUM":0
  },
  {
    "Player":"Will Fuller",
    "Team":"HOU",
    "Pos":"WR",
    "Att":1,
    "Att/G":0.1,
    "Yds":-3,
    "Avg":-3,
    "Yds/G":-0.2,
    "TD":0,
    "Lng":-3,
    "1st":0,
    "1st%":0,
    "20+":0,
    "40+":0,
    "FUM":0
  },
  {
    "Player":"Isaiah Crowell",
    "Team":"CLE",
    "Pos":"RB",
    "Att":198,
    "Att/G":12.4,
    "Yds":"952",
    "Avg":4.8,
    "Yds/G":59.5,
    "TD":7,
    "Lng":"85T",
    "1st":45,
    "1st%":22.7,
    "20+":8,
    "40+":3,
    "FUM":2
  },
  {
    "Player":"Kenyan Drake",
    "Team":"MIA",
    "Pos":"RB",
    "Att":33,
    "Att/G":2.1,
    "Yds":179,
    "Avg":5.4,
    "Yds/G":11.2,
    "TD":2,
    "Lng":"45T",
    "1st":9,
    "1st%":27.3,
    "20+":1,
    "40+":1,
    "FUM":0
  },
  {
    "Player":"Tommylee Lewis",
    "Team":"NO",
    "Pos":"WR",
    "Att":3,
    "Att/G":0.2,
    "Yds":11,
    "Avg":3.7,
    "Yds/G":0.9,
    "TD":0,
    "Lng":"7",
    "1st":1,
    "1st%":33.3,
    "20+":0,
    "40+":0,
    "FUM":0
  },
  {
    "Player":"Larry Fitzgerald",
    "Team":"ARI",
    "Pos":"WR",
    "Att":2,
    "Att/G":0.1,
    "Yds":5,
    "Avg":2.5,
    "Yds/G":0.3,
    "TD":0,
    "Lng":"4",
    "1st":0,
    "1st%":0,
    "20+":0,
    "40+":0,
    "FUM":0
  },
  {
    "Player":"Dion Lewis",
    "Team":"NE",
    "Pos":"RB",
    "Att":64,
    "Att/G":9.1,
    "Yds":"283",
    "Avg":4.4,
    "Yds/G":40.4,
    "TD":0,
    "Lng":"15",
    "1st":14,
    "1st%":21.9,
    "20+":0,
    "40+":0,
    "FUM":1
  },
  {
    "Player":"Johnny Holton",
    "Team":"OAK",
    "Pos":"WR",
    "Att":6,
    "Att/G":0.4,
    "Yds":43,
    "Avg":7.2,
    "Yds/G":2.9,
    "TD":0,
    "Lng":"29",
    "1st":2,
    "1st%":33.3,
    "20+":1,
    "40+":0,
    "FUM":1
  }
]